Title,Subject,URLS,Reason,Paywalled,Notes
Designing an ASR Corpus for the Albanian Language,(B/T) Data Science;(SOC) Linguistics;,,Error by Journal/Publisher;,No,
Machine Learning Analysis of Oxidative Stress-Related Phenotypes for Specific Gene Screening in Ovarian Cancer,(B/T) Data Science;(BLS) Biology - Cancer;(BLS) Genetics;,,Concerns/Issues About Authorship/Affiliation;Investigation by Journal/Publisher;,No,
Hybrid CNN-LSTM model with efficient hyperparameter tuning for prediction of Parkinson's disease,(B/T) Data Science;(B/T) Technology;(HSC) Medicine - Neurology;,,Error in Text;Updated to Retraction;,No,See also: https://pubpeer.com/publications/BE2E334302A3B028B84D49A35C44B1
Hybrid wavelet/Elman NN model for short term cost prediction utilizing developed deer hunting optimizer,(B/T) Business - Economics;(B/T) Data Science;(B/T) Technology;,https://retractionwatch.com/?s=Heliyon,Author Unresponsive;Concerns/Issues about Referencing/Attributions;Investigation by Journal/Publisher;,No,
Simulation model of energy exchange in an intelligent decision-making system based on a multi-agent neurocognitive architecture,(B/T) Computer Science;(B/T) Data Science;(B/T) Technology;,,Concerns/Issues about Article;Concerns/Issues about Referencing/Attributions;Investigation by Company/Institution;,No,
Search query as a methodological indicator of new pedagogical conceptualizations (on the example of hip-pedagogy),(B/T) Computer Science;(B/T) Data Science;(SOC) Education;,,Concerns/Issues about Article;Concerns/Issues about Referencing/Attributions;Investigation by Company/Institution;,No,
Intelligenсe architectonics methodology: international language training of students,(B/T) Computer Science;(B/T) Data Science;(B/T) Technology;(SOC) Education;,,Concerns/Issues about Article;Concerns/Issues about Referencing/Attributions;Investigation by Company/Institution;,No,
Intelligent methods for impartial and objective evaluation of a course project,(B/T) Computer Science;(B/T) Data Science;(B/T) Technology;(SOC) Education;,,Concerns/Issues about Article;Concerns/Issues about Referencing/Attributions;Investigation by Company/Institution;,No,
Emotion recognition and classification based on audio data using AI,(B/T) Data Science;(SOC) Psychology;,,Concerns/Issues about Article;Concerns/Issues about Referencing/Attributions;Investigation by Company/Institution;,No,
Clustering Z-information based on a system of fuzzy reference requirements,(B/T) Data Science;(PHY) Mathematics;,,Concerns/Issues about Article;Concerns/Issues about Referencing/Attributions;Investigation by Company/Institution;,No,
Algorithm and software tools for optimizing the preparation of routes on high-speed lines based on RFID technology,(B/T) Computer Science;(B/T) Data Science;(B/T) Government;(B/T) Technology;(B/T) Transportation;(B/T) Urban Planning;,,Concerns/Issues about Article;Concerns/Issues about Referencing/Attributions;Investigation by Company/Institution;,No,
A mathematical model of the operation process of a radio communication network based on IP technologies in the conditions of information impact during the transmission of a non-repetitive data stream,(B/T) Computer Science;(B/T) Data Science;(PHY) Mathematics;(SOC) Communications;,,Concerns/Issues about Article;Concerns/Issues about Referencing/Attributions;Investigation by Company/Institution;,No,
The role of clustering algorithm-based big data processing in information economy development,(B/T) Business - Economics;(B/T) Computer Science;(B/T) Data Science;,,Concerns/Issues about Results and/or Conclusions;Concerns/Issues with Peer Review;,No,
Efficient lung cancer detection using computational intelligence and ensemble learning,(B/T) Data Science;(HSC) Medicine - Oncology;(HSC) Medicine - Pulmonology;,,Cites Retracted Work;Objections by Author(s);,No,
Analysis of logistics port transportation efficiency evaluation based on the block chain technology,(B/T) Business - General;(B/T) Data Science;(B/T) Technology;(B/T) Transportation;(PHY) Mathematics;,https://retractionwatch.com/2024/07/01/we-authors-paid-a-heavy-price-journal-retracts-all-23-articles-in-special-issue/,Error in Text;Updated to Retraction;,No,
Advanced lightweight feature interaction in deep neural networks for improving the prediction in click through rate,(B/T) Business - Marketing;(B/T) Computer Science;(B/T) Data Science;,https://retractionwatch.com/2024/07/01/we-authors-paid-a-heavy-price-journal-retracts-all-23-articles-in-special-issue/,Concerns/Issues about Article;Error in Text;Updated to Retraction;Upgrade/Update of Prior Notice(s);,No,
Harnessing the power of AI: Advanced deep learning models optimization for accurate SARS-CoV-2 forecasting,(B/T) Data Science;(HSC) Biostatistics/Epidemiology;(HSC) Medicine - Infectious Disease;(HSC) Public Health and Safety;,https://retractionwatch.com/retracted-coronavirus-covid-19-papers/,Error in Text;Updated to Retraction;,No,
Research on a distributed auto-negotiation model based on Stackelberg game theory,(B/T) Business - Accounting;(B/T) Business - Economics;(B/T) Business - General;(B/T) Computer Science;(B/T) Data Science;,,Duplication of/in Article;Euphemisms for Duplication;,No,
Diagnosis and combating COVID-19 using wearable Oura smart ring with deep learning methods,(B/T) Data Science;(B/T) Technology;(HSC) Medicine - Infectious Disease;,https://retractionwatch.com/retracted-coronavirus-covid-19-papers/,Error in Text;Updated to Retraction;,No,
Development and evaluation of rapid data-enabled access to routine clinical information to enhance early recruitment to the national clinical platform trial of COVID-19 community treatments,(B/T) Data Science;(HSC) Medicine - Infectious Disease;(HSC) Public Health and Safety;,https://retractionwatch.com/retracted-coronavirus-covid-19-papers/,Error in Text;Updated to Retraction;,No,
The Innovation of Mongolian Folk Song Music Cultural Inheritance Path Based on Intelligent Computing Analysis of Communication Big Data,(B/T) Data Science;(B/T) Technology;(HUM) Arts - Music;(SOC) Sociology;,,Concerns/Issues About Authorship/Affiliation;Lack of Approval from Author;Updated to Retraction;,No,See also: https://pubpeer.com/publications/99D9E7007C4BCCE65668A7E2205F0F
A comparative study on Chinese open domain suggestion mining,(B/T) Computer Science;(B/T) Data Science;(B/T) Government;,https://retractionwatch.com/2024/08/23/exclusive-publisher-retracts-more-than-450-papers-from-journal-it-acquired-last-year/,Concerns/Issues with Peer Review;Investigation by Journal/Publisher;Investigation by Third Party;,No,
A comparative study of syllables and character level N-grams for Dravidian multi-script and code-mixed offensive language identification,(B/T) Computer Science;(B/T) Data Science;,https://retractionwatch.com/2024/08/23/exclusive-publisher-retracts-more-than-450-papers-from-journal-it-acquired-last-year/,Concerns/Issues with Peer Review;Investigation by Journal/Publisher;Investigation by Third Party;,No,
A combined deep CNN with a chimp optimization approach for lung cancer diagnosis,(B/T) Computer Science;(B/T) Data Science;(BLS) Biology - Cancer;,https://retractionwatch.com/2024/08/23/exclusive-publisher-retracts-more-than-450-papers-from-journal-it-acquired-last-year/,Concerns/Issues with Peer Review;Investigation by Journal/Publisher;Investigation by Third Party;,No,
A collaborative filtering method by fusion of facial information features,(B/T) Computer Science;(B/T) Data Science;,https://retractionwatch.com/2024/08/23/exclusive-publisher-retracts-more-than-450-papers-from-journal-it-acquired-last-year/,Concerns/Issues with Peer Review;Investigation by Journal/Publisher;Investigation by Third Party;,No,
3D path planning in threat environment based on fuzzy logic,(B/T) Computer Science;(B/T) Data Science;,https://retractionwatch.com/2024/08/23/exclusive-publisher-retracts-more-than-450-papers-from-journal-it-acquired-last-year/,Concerns/Issues with Peer Review;Investigation by Journal/Publisher;Investigation by Third Party;,No,
Removing blurring for better understanding the main challenges facing digital entrepreneurs in the digital era: An empirical investigation study from emerging country,(B/T) Business - General;(B/T) Data Science;,,Duplication of/in Article;Euphemisms for Duplication;Investigation by Journal/Publisher;,No,
Information of the coma recovery scale-revised that mostly contributes to predict recovery of consciousness. A machine learning analysis,(B/T) Computer Science;(B/T) Data Science;(HSC) Medicine - Neurology;(HSC) Medicine - Rehabilitation/Therapy;,,Duplication of Content through Error by Journal/Publisher;,No,
Development of an automated pipeline for the analysis of [18 F]FDG-PET images in disorders of consciousness,(B/T) Data Science;(B/T) Technology;(HSC) Medicine - Neurology;(HSC) Radiology/Imaging;,,Duplication of Content through Error by Journal/Publisher;,No,
Using machine learning to improve anaphylaxis case identification in medical claims data,(B/T) Business - General;(B/T) Data Science;(HSC) Medicine - General;,,Error by Journal/Publisher;Retract and Replace;,No,see https://academic.oup.com/jamiaopen/article/7/2/ooae037/7696640;
Prediction of Post-Concussive Dimensional PTSD Symptoms Using Multimodal Neuroimaging: A Machine Learning Study,(B/T) Data Science;(HSC) Medicine - Neurology;(HSC) Radiology/Imaging;(SOC) Psychology;,,Duplication of Content through Error by Journal/Publisher;,No,
A Perception Study for Unit Charts in the Context of Large-Magnitude Data Representation,(B/T) Data Science;(SOC) Communications;,,Error in Text;Updated to Retraction;,No,see also; https://pubpeer.com/publications/8838404331E45D84736345C001FCC0
On-line system identification of complex systems using Chebyshev neural networks,(B/T) Computer Science;(B/T) Data Science;(PHY) Mathematics;,,Duplication of/in Article;Euphemisms for Duplication;,No,
Evaluation Mechanism of Teaching Staff’s Building in Local Vocational Colleges Based on Big Data Technology,(B/T) Data Science;(SOC) Education;,,Error in Methods;Objections by Third Party;,No,
Stability analysis of supply chain in evolutionary game based on stability theory of nonlinear differential equation,(B/T) Business - General;(B/T) Computer Science;(B/T) Data Science;(PHY) Mathematics;,,Concerns/Issues About Authorship/Affiliation;False/Forged Affiliation;,No,
"NeuroSuites: An online platform for running neuroscience, statistical, and machine learning tools",(B/T) Data Science;(B/T) Technology;(BLS) Neuroscience;,,Investigation by Journal/Publisher;Legal Reasons and/or Threats;,No,
An integrated 3D model based face recognition method using synthesized facial expressions and poses for single image applications,(B/T) Data Science;(B/T) Technology;,https://retractionwatch.com/2024/01/26/springer-nature-journal-pulls-nearly-three-dozen-papers-from-special-issues/,Error in Text;Updated to Retraction;,No,See also: https://pubpeer.com/publications/BCC4E85932E04B1D6B27B9CE8CA366
Predicting chorioamnionitis using AI-based methods: a retrospective cohort study,(B/T) Data Science;(HSC) Medicine - Obstetrics/Gynecology;,,Concerns/Issues about Results and/or Conclusions;Date of Article and/or Notice Unknown;,No,"date of retraction unknown, html page overwrite; Abstract #60;"
Graphical representation of network meta-analysis: an iconographic support to the complexity of multiple data comparisons,(B/T) Computer Science;(B/T) Data Science;,https://retractionwatch.com/2025/08/18/cardiology-researcher-in-italy-up-to-17-retractions-most-for-duplication/,Duplication of/in Image;Euphemisms for Duplication;,No,
Prediction of small-scale piles by considering lateral deflection based on Elman Neural Network - Improved Arithmetic Optimizer algorithm,(B/T) Computer Science;(B/T) Data Science;(PHY) Geology;(PHY) Mathematics;,https://retractionwatch.com/?s=Dragan+Rodriguez,Concerns/Issues About Authorship/Affiliation;False/Forged Affiliation;False/Forged Authorship;,No,see also: https://pubpeer.com/publications/0A2B552833593E8AA9D37B5708E934
Artificial intelligence with robotics for advanced manufacturing industry using robot-assisted mixed-integer programming model,(B/T) Business - Management;(B/T) Data Science;(B/T) Technology;,,Error in Text;Updated to Retraction;,No,
Network meta-analysis: a new analysis tool of the experimental evidence,(B/T) Data Science;(BLS) Biology - General;(HSC) Medicine - General;,https://retractionwatch.com/2025/08/18/cardiology-researcher-in-italy-up-to-17-retractions-most-for-duplication/,Duplication of/in Article;Euphemisms for Duplication;,No,
Social Recommendation System Based on Hypergraph Attention Network,(B/T) Data Science;(B/T) Technology;,https://retractionwatch.com/2022/09/28/exclusive-hindawi-and-wiley-to-retract-over-500-papers-linked-to-peer-review-rings/;https://retractionwatch.com/2023/04/05/wiley-and-hindawi-to-retract-1200-more-papers-for-compromised-peer-review/,Concerns/Issues about Referencing/Attributions;Error in Text;Updated to Retraction;,No,
Deployment optimization of multi-stage investment portfolio service and hybrid intelligent algorithm under edge computing,(B/T) Business - Accounting;(B/T) Computer Science;(B/T) Data Science;,,Concerns/Issues with Peer Review;Duplication of/in Article;Euphemisms for Duplication;,No,
Skin cancer diagnosis based on a hybrid AlexNet/extreme learning machine optimized by Fractional-order Red Fox Optimization algorithm,(B/T) Data Science;(HSC) Medicine - Dermatology;(HSC) Medicine - Oncology;,,Author Unresponsive;Concerns/Issues About Authorship/Affiliation;Concerns/Issues about Third Party Involvement;False/Forged Affiliation;,No,
A mean-robustness stochastic programming model for p-hub median problem,(B/T) Data Science;(PHY) Statistics;,https://retractionwatch.com/2023/11/02/sage-retracts-more-than-200-papers-from-journal-for-compromised-peer-review/,Concerns/Issues about Third Party Involvement;Investigation by Journal/Publisher;Upgrade/Update of Prior Notice(s);,No,
Optimization of diosgenin extraction from Dioscorea deltoidea tubers using response surface methodology and artificial neural network modelling,(B/T) Data Science;(B/T) Technology;(BLS) Biology - Cellular;(BLS) Plant Biology/Botany;,,Concerns/Issues About Image;Concerns/Issues with Peer Review;Conflict of Interest;Duplication of/in Image;Error in Image;Euphemisms for Duplication;,No,
Clinical Value of Predicting Individual Treatment Effects for Intensive Blood Pressure Therapy: A Machine Learning Experiment to Estimate Treatment Effects from Randomized Trial Data,(B/T) Data Science;(HSC) Medicine - Cardiovascular;,,Error in Analyses;Error in Results and/or Conclusions;,No,
"In-silico modelling studies of 5-benzyl-4-thiazolinone derivatives as influenza neuraminidase inhibitors via 2D-QSAR, 3D-QSAR, molecular docking, and ADMET predictions",(B/T) Data Science;(BLS) Biochemistry;(BLS) Biology - Molecular;(HSC) Medicine - Infectious Disease;,,Copyright Claims;Lack of Approval from Third Party;,No,
Prediction of gestational diabetes based on explainable deep learning and fog computing,(B/T) Data Science;(HSC) Medicine - Diabetes;(HSC) Medicine - Obstetrics/Gynecology;,,Duplication of/in Article;Euphemisms for Duplication;,No,
Intelligent scaling for 6G IoE services for resource provisioning,(B/T) Computer Science;(B/T) Data Science;,,Investigation by Journal/Publisher;Updated to Retraction;,No,
Projection data smoothing through noise-level weighted total variation regularization for low-dose computed tomography,(B/T) Computer Science;(B/T) Data Science;(HSC) Radiology/Imaging;,,Duplication of Content through Error by Journal/Publisher;,No,
An Intelligent Security Classification Model of Driver’s Driving Behavior Based on V2X in IoT Networks,(B/T) Data Science;(B/T) Technology;(B/T) Transportation;,https://retractionwatch.com/2022/09/28/exclusive-hindawi-and-wiley-to-retract-over-500-papers-linked-to-peer-review-rings/,Concerns/Issues with Peer Review;Investigation by Journal/Publisher;Objections by Author(s);,No,
Art Research Based on Machine Learning and Artificial Intelligence,(B/T) Data Science;(HUM) Arts - General;,https://retractionwatch.com/2022/09/28/exclusive-hindawi-and-wiley-to-retract-over-500-papers-linked-to-peer-review-rings/,Concerns/Issues with Peer Review;Investigation by Journal/Publisher;Objections by Author(s);,No,
Study on AI Audit Mode in the Background of Machine Learning and Internet of Things,(B/T) Data Science;,https://retractionwatch.com/2022/09/28/exclusive-hindawi-and-wiley-to-retract-over-500-papers-linked-to-peer-review-rings/,Concerns/Issues with Peer Review;Investigation by Journal/Publisher;,No,
An Intelligent Assessment Method of English Teaching Ability Based on Improved Machine Learning Algorithm,(B/T) Data Science;(SOC) Education;,https://retractionwatch.com/2022/09/28/exclusive-hindawi-and-wiley-to-retract-over-500-papers-linked-to-peer-review-rings/,Concerns/Issues with Peer Review;Investigation by Journal/Publisher;,No,
Prognostic significance of neutrophil-to-lymphocyte ratio in diffuse large B-cell lymphoma: A meta-analysis,(B/T) Data Science;(BLS) Biology - Cellular;(HSC) Medicine - Oncology;,,Author Unresponsive;Concerns/Issues about Results and/or Conclusions;,No,
Early Detection of Medical Image Analysis by Using Machine Learning Method,(B/T) Data Science;(HSC) Radiology/Imaging;,https://retractionwatch.com/2022/09/28/exclusive-hindawi-and-wiley-to-retract-over-500-papers-linked-to-peer-review-rings/,Error in Image;Updated to Retraction;,No,
Exploring the MIT Mathematics and EECS Curriculum Using Large Language Models,(B/T) Computer Science;(B/T) Data Science;(SOC) Education;,,Lack of Approval from Company/Institution;Lack of Approval from Third Party;Removed;,No,see also: https://www.chronicle.com/article/a-study-found-that-ai-could-ace-mit-three-mit-students-beg-to-differ
Prognostic value of programmed cell death ligand 1 expression in patients with head and neck cancer: A systematic review and meta-analysis,(B/T) Data Science;(BLS) Biology - Cancer;(HSC) Medicine - Oncology;,,Author Unresponsive;Concerns/Issues about Results and/or Conclusions;,No,
Low-dose chest CT for diagnosing and assessing the extent of lung involvement of SARS-CoV-2 pneumonia using a semi quantitative score,(B/T) Data Science;(HSC) Medicine - Pulmonology;(HSC) Radiology/Imaging;,https://retractionwatch.com/2022/12/13/plos-flags-nearly-50-papers-by-controversial-french-covid-researcher-for-ethics-concerns/;https://retractionwatch.com/?s=Didier+Raoult,Investigation by Journal/Publisher;,No,
Network Security Awareness Modeling Based on Data Mining Method,(B/T) Computer Science;(B/T) Data Science;(B/T) Technology;,,Duplication of/in Article;Euphemisms for Duplication;,No,
Robust Training of Feedforward Neural Networks Using Combined Online/Batch Quasi-Newton Techniques,(B/T) Computer Science;(B/T) Data Science;,,Date of Article and/or Notice Unknown;Duplication of/in Article;Euphemisms for Duplication;,No,
"Alcohol-Related Risk of Suicidal Ideation, Suicide Attempt, and Completed Suicide: A Meta-Analysis",(B/T) Data Science;(SOC) Psychology;,,Concerns/Issues about Results and/or Conclusions;,No,
Data Mining and Visualization of Forest Cover Type Data Using SAS Enterprise Miner,(B/T) Data Science;(ENV) Ecology;,,Concerns/Issues about Referencing/Attributions;Date of Article and/or Notice Unknown;Duplication of/in Article;Euphemisms for Duplication;Investigation by Journal/Publisher;,No,
Molecular Diagnostic and Using Deep Learning Techniques for Predict Functional Recovery of Patients Treated of Cardiovascular Disease,(B/T) Data Science;(BLS) Biology - Molecular;(HSC) Medicine - Cardiovascular;,,Concerns/Issues About Authorship/Affiliation;Date of Article and/or Notice Unknown;Investigation by Journal/Publisher;,No,
A hybrid feature selection algorithm for microarray data,(B/T) Computer Science;(B/T) Data Science;(BLS) Genetics;,,Error in Methods;,No,
Iterative noise attenuation and deconvolution with a sparse constraint,(B/T) Data Science;(PHY) Geology;(PHY) Mathematics;,,Concerns/Issues About Authorship/Affiliation;Salami Slicing;Upgrade/Update of Prior Notice(s);,No,
Iterative noise attenuation and deconvolution with a sparse constraint,(B/T) Data Science;(PHY) Geology;(PHY) Mathematics;,,Investigation by Journal/Publisher;Salami Slicing;Updated to Retraction;,No,
Traffic prediction and transmission scheduling of artificial intelligence-driven cognitive wireless networks,(B/T) Data Science;(B/T) Technology;(B/T) Transportation;(B/T) Urban Planning;,,Error by Journal/Publisher;,No,
Direct anterior approach (DAA) vs. conventional approaches in total hip arthroplasty: A RCT meta-analysis with an overview of related meta-analyses,(B/T) Data Science;(HSC) Medicine - Orthopedics;,,Duplication of/in Article;,No,
Machine learning of neural representations of suicide and emotion concepts identifies suicidal youth,(B/T) Computer Science;(B/T) Data Science;(SOC) Psychology;,https://retractionwatch.com/2023/04/06/high-profile-paper-that-used-ai-to-identify-suicide-risk-from-brain-scans-retracted-for-flawed-methods/;https://retractionwatch.com/2023/06/09/how-a-now-retracted-study-got-published-in-the-first-place-leading-to-a-3-8-million-nih-grant/,Error in Methods;Error in Results and/or Conclusions;,No,see also: https://www.nature.com/articles/s41562-023-01560-6 and https://www.nature.com/articles/s41562-021-01085-w
MFCC-Based Feature Extraction Model for Long Time Period Emotion Speech Using CNN,(B/T) Data Science;(PHY) Mathematics;(SOC) Linguistics;,,Notice - Lack of;,No,
Pre-screening Textual Based Evaluation for the Diagnosed Female Breast Cancer (WBC),(B/T) Data Science;(HSC) Medicine - Oncology;,,Notice - Lack of;,No,
Oxidative Stress and Inflammation in First-Episode Psychosis: A Systematic Review and Meta-analysis,(B/T) Data Science;(HSC) Medicine - Psychiatry;(SOC) Psychology;,,Error by Journal/Publisher;,No,
Application of Deep Neural Network Model Combined with Factor Analysis in Clinical Nursing Effect Analysis of Blood Glucose Level in Elderly Type 2 Diabetic Patients,(B/T) Data Science;(HSC) Medicine - Diabetes;(HSC) Medicine - Geriatric;,https://retractionwatch.com/2022/09/28/exclusive-hindawi-and-wiley-to-retract-over-500-papers-linked-to-peer-review-rings/;https://retractionwatch.com/2023/04/05/wiley-and-hindawi-to-retract-1200-more-papers-for-compromised-peer-review/,Concerns/Issues with Peer Review;Investigation by Journal/Publisher;,No,
The Application of DOMS Mechanism and Prevention in Physical Education and Training,(B/T) Data Science;(HSC) Medicine - Sports;(HSC) Sports Science;,https://retractionwatch.com/2022/09/28/exclusive-hindawi-and-wiley-to-retract-over-500-papers-linked-to-peer-review-rings/;https://retractionwatch.com/2023/04/05/wiley-and-hindawi-to-retract-1200-more-papers-for-compromised-peer-review/,Concerns/Issues with Peer Review;Investigation by Journal/Publisher;,No,
Nomogram to Predict Overall and Cancer-Specific Survival in Patients with Synovial Sarcoma in the Extremities: A Population-Based Study,(B/T) Data Science;(HSC) Biostatistics/Epidemiology;(HSC) Medicine - Oncology;,https://retractionwatch.com/2022/09/28/exclusive-hindawi-and-wiley-to-retract-over-500-papers-linked-to-peer-review-rings/,Concerns/Issues with Peer Review;Investigation by Journal/Publisher;Objections by Author(s);,No,
Design of Financial Risk Control Model Based on Deep Learning Neural Network,(B/T) Business - Economics;(B/T) Data Science;,https://retractionwatch.com/2022/09/28/exclusive-hindawi-and-wiley-to-retract-over-500-papers-linked-to-peer-review-rings/,Concerns/Issues with Peer Review;Investigation by Journal/Publisher;,No,
"Effect of Big Data Analysis-Based Remote Management Combined with Yangyin Runfei Decoction on Coagulation Function, Pulmonary Function, and Quality of Life of Pulmonary Tuberculosis Patients",(B/T) Data Science;(B/T) Technology;(BLS) Microbiology;(HSC) Medicine - Alternative;(HSC) Medicine - Cardiovascular;(HSC) Medicine - Infectious Disease;(HSC) Medicine - Pulmonology;,https://retractionwatch.com/2022/09/28/exclusive-hindawi-and-wiley-to-retract-over-500-papers-linked-to-peer-review-rings/,Concerns/Issues with Peer Review;Investigation by Journal/Publisher;Objections by Author(s);,No,
Glyphosate epidemiology expert panel review: a weight of evidence systematic review of the relationship between glyphosate exposure and non-Hodgkin’s lymphoma or multiple myeloma,(B/T) Data Science;(BLS) Biology - Cancer;,,Conflict of Interest;,No,
Effectiveness of Artificial Intelligence Multimedia Courseware in Classroom Teaching Application,(B/T) Data Science;(B/T) Technology;(SOC) Education;,https://retractionwatch.com/2022/09/28/exclusive-hindawi-and-wiley-to-retract-over-500-papers-linked-to-peer-review-rings/,Concerns/Issues with Peer Review;Investigation by Journal/Publisher;Objections by Author(s);,No,
A Fused Heterogeneous Deep Neural Network and Robust Feature Selection Framework for Human Actions Recognition,(B/T) Computer Science;(B/T) Data Science;(B/T) Technology;,,Concerns/Issues About Authorship/Affiliation;Error in Text;Updated to Retraction;,No,Majed Alhaisoni's surname was corrected from Allison. Article retracted on 23 October 2022.
Clinical Characteristics and Outcomes of COVID-19-Infected Cancer Patients: A Systematic Review and Meta-Analysis,(B/T) Data Science;(HSC) Medicine - General;,,Error in Text;,No,
Clinicopathologic and prognostic significance of tumor-associated macrophages in patients with hepatocellular carcinoma: A meta-analysis,(B/T) Data Science;(HSC) Medicine - Oncology;,,Concerns/Issues about Results and/or Conclusions;,No,
EEG – Taste classification through sensitivity analysis,(B/T) Computer Science;(B/T) Data Science;(HSC) Medicine - Neurology;,https://retractionwatch.com/2021/12/15/journal-retracts-122-papers-at-once/,Concerns/Issues with Peer Review;Investigation by Journal/Publisher;Updated to Retraction;,No,
A quantitative risk analysis methodology for the security of web application database against SQL injection (SQLi) attacks utilizing fuzzy logic system as computational technique,(B/T) Computer Science;(B/T) Data Science;(B/T) Technology;,https://retractionwatch.com/2021/12/15/journal-retracts-122-papers-at-once/,Concerns/Issues with Peer Review;Investigation by Journal/Publisher;Updated to Retraction;,No,
Water surface area detection using remote sensing temporal data processed using MATLAB,(B/T) Computer Science;(B/T) Data Science;(B/T) Technology;(PHY) Engineering - General;,https://retractionwatch.com/2021/12/15/journal-retracts-122-papers-at-once/,Concerns/Issues with Peer Review;Investigation by Journal/Publisher;Updated to Retraction;,No,
Modeling and analysis of higher schools massive sports data based on cloud computing,(B/T) Computer Science;(B/T) Data Science;(SOC) Education;,https://retractionwatch.com/2021/12/15/journal-retracts-122-papers-at-once/,Concerns/Issues with Peer Review;Investigation by Journal/Publisher;Updated to Retraction;,No,
Capacity maximization in multi-user multiple input multiple output cognitive radio system through optimal beamforming design using game theory,(B/T) Data Science;(B/T) Technology;(PHY) Engineering - General;,https://retractionwatch.com/2021/12/15/journal-retracts-122-papers-at-once/,Concerns/Issues with Peer Review;Investigation by Journal/Publisher;Updated to Retraction;,No,
Feature-based association rules for the evaluation of the English network considering non-metric multidimensional scale,(B/T) Data Science;(SOC) Linguistics;,https://retractionwatch.com/2021/12/15/journal-retracts-122-papers-at-once/,Concerns/Issues with Peer Review;Investigation by Journal/Publisher;Updated to Retraction;,No,
Scientific research and training satisfaction evaluation analysis of postgraduates in science and engineering colleges based on big data,(B/T) Data Science;(SOC) Education;,https://retractionwatch.com/2021/12/15/journal-retracts-122-papers-at-once/,Concerns/Issues with Peer Review;Investigation by Journal/Publisher;Updated to Retraction;,No,
BMADSN: Big data multi-community anomaly detection in social networks,(B/T) Computer Science;(B/T) Data Science;,https://retractionwatch.com/2021/12/15/journal-retracts-122-papers-at-once/,Concerns/Issues with Peer Review;Investigation by Journal/Publisher;Updated to Retraction;,No,
Fuzzy computing application in educational area,(B/T) Computer Science;(B/T) Data Science;(PHY) Mathematics;(SOC) Education;,https://retractionwatch.com/2021/12/15/journal-retracts-122-papers-at-once/,Concerns/Issues with Peer Review;Investigation by Journal/Publisher;Updated to Retraction;,No,
A performance evaluation of hybrid genetic algorithm approach for forecasting tropical cyclone categories,(B/T) Data Science;(B/T) Technology;(ENV) Climatology;,https://retractionwatch.com/2021/12/15/journal-retracts-122-papers-at-once/,Concerns/Issues with Peer Review;Investigation by Journal/Publisher;Updated to Retraction;,No,
Detection of exudates using neuro-fuzzy technique,(B/T) Data Science;(B/T) Technology;(HSC) Medicine - Ophthalmology;,https://retractionwatch.com/2021/12/15/journal-retracts-122-papers-at-once/,Concerns/Issues with Peer Review;Investigation by Journal/Publisher;Updated to Retraction;,No,
A novel cascaded fuzzy PD-PI controller for load frequency study of solar-thermal/wind generator-based interconnected power system using grasshopper optimization algorithm,(B/T) Data Science;(B/T) Technology;(PHY) Engineering - General;,https://retractionwatch.com/2021/12/15/journal-retracts-122-papers-at-once/,Concerns/Issues with Peer Review;Investigation by Journal/Publisher;Updated to Retraction;,No,
Research on the cultivation path of innovative entrepreneurial thinking based on cognitive learning theory,(B/T) Computer Science;(B/T) Data Science;(SOC) Education;,https://retractionwatch.com/2021/12/15/journal-retracts-122-papers-at-once/,Concerns/Issues with Peer Review;Investigation by Journal/Publisher;Updated to Retraction;,No,
The prediction model of personality in social networks by using data mining deep learning algorithm and random walk model,(B/T) Computer Science;(B/T) Data Science;(SOC) Sociology;,https://retractionwatch.com/2021/12/15/journal-retracts-122-papers-at-once/,Concerns/Issues with Peer Review;Investigation by Journal/Publisher;Updated to Retraction;,No,
Analysis on the reading guidance to classics in the teaching of specialized courses in tourism undergraduate education in China,(B/T) Data Science;(SOC) Education;,https://retractionwatch.com/2021/12/15/journal-retracts-122-papers-at-once/,Concerns/Issues with Peer Review;Investigation by Journal/Publisher;Updated to Retraction;,No,
Research on the innovation of college English teaching based on curriculum thinking,(B/T) Data Science;(SOC) Education;,https://retractionwatch.com/2021/12/15/journal-retracts-122-papers-at-once/,Concerns/Issues with Peer Review;Investigation by Journal/Publisher;Updated to Retraction;,No,
"Measurement of urban integration degree of urban agglomeration under the background of regional integration: A case of Nanjing, Zhenjiang and Yangzhou",(B/T) Business - Economics;(B/T) Computer Science;(B/T) Data Science;(B/T) Urban Planning;,https://retractionwatch.com/2021/12/15/journal-retracts-122-papers-at-once/,Concerns/Issues with Peer Review;Investigation by Journal/Publisher;Updated to Retraction;,No,
Audit Data Analysis and Application Based on Correlation Analysis Algorithm,(B/T) Business - Management;(B/T) Computer Science;(B/T) Data Science;,https://retractionwatch.com/2022/09/28/exclusive-hindawi-and-wiley-to-retract-over-500-papers-linked-to-peer-review-rings/,Concerns/Issues with Peer Review;Investigation by Journal/Publisher;,No,
Prediction models of sports lottery revenue in China,(B/T) Data Science;(PHY) Statistics;(SOC) Sports and Recreation;,https://retractionwatch.com/2021/12/15/journal-retracts-122-papers-at-once/,Concerns/Issues with Peer Review;Investigation by Journal/Publisher;Updated to Retraction;,No,
Construction Principles of Physical Fitness Training Objective System Based on Machine Learning and Data Mining,(B/T) Data Science;(SOC) Sports and Recreation;,https://retractionwatch.com/2022/09/28/exclusive-hindawi-and-wiley-to-retract-over-500-papers-linked-to-peer-review-rings/,Concerns/Issues with Peer Review;Investigation by Journal/Publisher;Objections by Author(s);,No,
Research on Digital Representation of Xiaopi Kiln Ceramic Art Design Based on Computer-Aided Technology and IoT Network,(B/T) Computer Science;(B/T) Data Science;(B/T) Technology;(HUM) Arts - General;,https://retractionwatch.com/2022/09/28/exclusive-hindawi-and-wiley-to-retract-over-500-papers-linked-to-peer-review-rings/,Concerns/Issues with Peer Review;Investigation by Journal/Publisher;,No,
Blockchain-Based Dangerous Driving Map Data Cognitive Model in 5G-V2X for Smart City Security,(B/T) Computer Science;(B/T) Data Science;(B/T) Technology;(B/T) Transportation;,https://retractionwatch.com/2022/09/28/exclusive-hindawi-and-wiley-to-retract-over-500-papers-linked-to-peer-review-rings/,Concerns/Issues with Peer Review;Investigation by Journal/Publisher;Objections by Author(s);,No,
Application of Grammar Error Detection Method for English Composition Based on Machine Learning,(B/T) Data Science;(SOC) Communications;(SOC) Linguistics;,https://retractionwatch.com/2022/09/28/exclusive-hindawi-and-wiley-to-retract-over-500-papers-linked-to-peer-review-rings/,Concerns/Issues with Peer Review;Investigation by Journal/Publisher;Objections by Author(s);,No,Journal gives affiliation as USA in error.
Development of Integrated Neural Network Model for Identification of Fake Reviews in E-Commerce Using Multidomain Datasets,(B/T) Business - Marketing;(B/T) Data Science;,https://retractionwatch.com/2022/09/28/exclusive-hindawi-and-wiley-to-retract-over-500-papers-linked-to-peer-review-rings/,Concerns/Issues with Peer Review;Investigation by Journal/Publisher;,No,
Intelligent Management of Air Traffic Flow Based on Intelligent Motion Coordinate Data Model,(B/T) Computer Science;(B/T) Data Science;,https://retractionwatch.com/2022/09/28/exclusive-hindawi-and-wiley-to-retract-over-500-papers-linked-to-peer-review-rings/,Concerns/Issues with Peer Review;Investigation by Journal/Publisher;Objections by Author(s);,No,
Data Integration Method Design of Decision Spatial Information System,(B/T) Data Science;,https://retractionwatch.com/2022/09/28/exclusive-hindawi-and-wiley-to-retract-over-500-papers-linked-to-peer-review-rings/,Concerns/Issues with Peer Review;Investigation by Journal/Publisher;Objections by Author(s);,No,
Empirical Research on the Prediction Effect of Volatility Model Based on the Perspective of Investor Sentiment Health and Market Liquidity,(B/T) Business - Economics;(B/T) Business - General;(B/T) Data Science;,https://retractionwatch.com/2022/09/28/exclusive-hindawi-and-wiley-to-retract-over-500-papers-linked-to-peer-review-rings/;https://retractionwatch.com/2023/04/05/wiley-and-hindawi-to-retract-1200-more-papers-for-compromised-peer-review/,Concerns/Issues with Peer Review;Investigation by Journal/Publisher;Objections by Author(s);,No,See also: https://pubpeer.com/publications/B53F6158AD00C5F297A01C4AEC9E8E
A Survey on Information-Centric Networking with Cloud Internet of Things and Artificial Intelligence,(B/T) Computer Science;(B/T) Data Science;(B/T) Technology;(SOC) Communications;,https://retractionwatch.com/2022/09/28/exclusive-hindawi-and-wiley-to-retract-over-500-papers-linked-to-peer-review-rings/,Concerns/Issues with Peer Review;Investigation by Journal/Publisher;Objections by Author(s);,No,
Application of Machine Learning in Rheumatic Immune Diseases,(B/T) Data Science;(HSC) Medicine - Immunology;,https://retractionwatch.com/2022/09/28/exclusive-hindawi-and-wiley-to-retract-over-500-papers-linked-to-peer-review-rings/;https://retractionwatch.com/2023/04/05/wiley-and-hindawi-to-retract-1200-more-papers-for-compromised-peer-review/,Concerns/Issues with Peer Review;Investigation by Journal/Publisher;,No,
Automatic Mining Method of Group Behavior Patterns Based on Incremental Spatiotemporal Trajectory Big Data,(B/T) Data Science;(SOC) Sociology;,https://retractionwatch.com/2022/09/28/exclusive-hindawi-and-wiley-to-retract-over-500-papers-linked-to-peer-review-rings/,Concerns/Issues with Peer Review;Investigation by Journal/Publisher;,No,
Higher Education Management Analysis of Smart Transportation Big Data Application under the Background of Internet +,(B/T) Data Science;(SOC) Education;,https://retractionwatch.com/2022/09/28/exclusive-hindawi-and-wiley-to-retract-over-500-papers-linked-to-peer-review-rings/,Concerns/Issues with Peer Review;Investigation by Journal/Publisher;Objections by Author(s);,No,
College Classroom English Teaching Methods and Practice Based on Big Data Technology,(B/T) Data Science;(SOC) Education;,https://retractionwatch.com/2022/09/28/exclusive-hindawi-and-wiley-to-retract-over-500-papers-linked-to-peer-review-rings/,Concerns/Issues with Peer Review;Investigation by Journal/Publisher;Objections by Author(s);,No,
Artificial Intelligence for Higher Education Development and Teaching Skills,(B/T) Data Science;(SOC) Education;,https://retractionwatch.com/2022/09/28/exclusive-hindawi-and-wiley-to-retract-over-500-papers-linked-to-peer-review-rings/,Concerns/Issues with Peer Review;Investigation by Journal/Publisher;,No,
The Application of Intelligent Computation (Artificial Neural Network—ANN) Prediction of Sweet Gas Concentration in a Gas Absorption Column,(B/T) Computer Science;(B/T) Data Science;(PHY) Energy;,,Lack of Approval from Third Party;Legal Reasons and/or Threats;Removed;,No,
Rule-Based AI System Application on College English Teaching Path Based on Computer-Aided Technology,(B/T) Computer Science;(B/T) Data Science;(B/T) Technology;(SOC) Education;,https://retractionwatch.com/2022/09/28/exclusive-hindawi-and-wiley-to-retract-over-500-papers-linked-to-peer-review-rings/,Concerns/Issues with Peer Review;Investigation by Journal/Publisher;,No,
Artificial Intelligence for Education and Teaching,(B/T) Data Science;(SOC) Education;,https://retractionwatch.com/2022/09/28/exclusive-hindawi-and-wiley-to-retract-over-500-papers-linked-to-peer-review-rings/,Concerns/Issues with Peer Review;Investigation by Journal/Publisher;,No,
Computational English Online Teaching Monitoring System Based on Deep Learning Algorithm,(B/T) Data Science;(B/T) Technology;(SOC) Education;,https://retractionwatch.com/2022/09/28/exclusive-hindawi-and-wiley-to-retract-over-500-papers-linked-to-peer-review-rings/,Concerns/Issues with Peer Review;Investigation by Journal/Publisher;Objections by Author(s);,No,
Analysis of Different Keying Modes and Brain Sound Image Establishment Mode in Piano Playing,(B/T) Data Science;(BLS) Neuroscience;(HUM) Arts - Music;,https://retractionwatch.com/2022/09/28/exclusive-hindawi-and-wiley-to-retract-over-500-papers-linked-to-peer-review-rings/,Concerns/Issues with Peer Review;Investigation by Journal/Publisher;,No,
Artificial Intelligence in Recording the Number of Times the Ball Has Crossed the Net in a Badminton Game,(B/T) Data Science;(SOC) Sports and Recreation;,https://retractionwatch.com/2022/09/28/exclusive-hindawi-and-wiley-to-retract-over-500-papers-linked-to-peer-review-rings/,Concerns/Issues with Peer Review;Investigation by Journal/Publisher;,No,
English Speech Feature Recognition-Based Fuzzy Algorithm and Artificial Intelligent,(B/T) Data Science;(SOC) Linguistics;,https://retractionwatch.com/2022/09/28/exclusive-hindawi-and-wiley-to-retract-over-500-papers-linked-to-peer-review-rings/,Concerns/Issues with Peer Review;Investigation by Journal/Publisher;,No,
Empathy Theory and Casework Problem Solving Based upon Social Network Analysis,(B/T) Data Science;(SOC) Psychology;(SOC) Sociology;,https://retractionwatch.com/2022/09/28/exclusive-hindawi-and-wiley-to-retract-over-500-papers-linked-to-peer-review-rings/,Concerns/Issues with Peer Review;Investigation by Journal/Publisher;,No,
A Corpus-Based and Fuzzy Assessment-Based Study of Labels in Spoken English,(B/T) Data Science;(SOC) Linguistics;,https://retractionwatch.com/2022/09/28/exclusive-hindawi-and-wiley-to-retract-over-500-papers-linked-to-peer-review-rings/,Concerns/Issues with Peer Review;Investigation by Journal/Publisher;,No,
Clinical Characteristics of Patients with Pulmonary Thromboembolism Based on Computer Statistical Analysis,(B/T) Data Science;(HSC) Medicine - Cardiovascular;(HSC) Medicine - Pulmonology;,https://retractionwatch.com/2022/09/28/exclusive-hindawi-and-wiley-to-retract-over-500-papers-linked-to-peer-review-rings/;https://retractionwatch.com/2023/04/05/wiley-and-hindawi-to-retract-1200-more-papers-for-compromised-peer-review/,Concerns/Issues with Peer Review;Investigation by Journal/Publisher;Objections by Author(s);,No,
Rendering and Optimization Algorithm of Digital City’s 3D Artistic Landscape Based on Virtual Reality,(B/T) Computer Science;(B/T) Data Science;(B/T) Urban Planning;,https://retractionwatch.com/2022/09/28/exclusive-hindawi-and-wiley-to-retract-over-500-papers-linked-to-peer-review-rings/,Concerns/Issues with Peer Review;Investigation by Journal/Publisher;,No,
Application of Improved Machine Learning and Fuzzy Algorithm in Educational Information Technology,(B/T) Data Science;(B/T) Technology;(SOC) Education;,https://retractionwatch.com/2022/09/28/exclusive-hindawi-and-wiley-to-retract-over-500-papers-linked-to-peer-review-rings/,Concerns/Issues with Peer Review;Investigation by Journal/Publisher;Objections by Author(s);,No,
Application of Internet of Things Technology in Vocal Music Teaching Recording Equipment Assisted by Machine Learning,(B/T) Data Science;(B/T) Technology;(HUM) Arts - Music;(SOC) Education;,https://retractionwatch.com/2022/09/28/exclusive-hindawi-and-wiley-to-retract-over-500-papers-linked-to-peer-review-rings/,Author Unresponsive;Concerns/Issues with Peer Review;Investigation by Journal/Publisher;,No,
Spatiotemporal Evolution of Regional Green Economy under Administrative Division Adjustment on Applications of Artificial Intelligence: A Case Study of the Guangdong-Hong Kong-Macao Greater Bay Area,(B/T) Business - Economics;(B/T) Data Science;,https://retractionwatch.com/2022/09/28/exclusive-hindawi-and-wiley-to-retract-over-500-papers-linked-to-peer-review-rings/,Concerns/Issues with Peer Review;Investigation by Journal/Publisher;Objections by Author(s);,No,
Diversified Integration and Integrated Application of Ideological and Political Teaching Resources Based on Artificial Intelligence Model Algorithm,(B/T) Data Science;(SOC) Education;(SOC) Political Science;,https://retractionwatch.com/2022/09/28/exclusive-hindawi-and-wiley-to-retract-over-500-papers-linked-to-peer-review-rings/,Concerns/Issues with Peer Review;Investigation by Journal/Publisher;Objections by Author(s);,No,
College Sports Multimedia Network Based on Wireless Communication and Deep Learning Network Environment,(B/T) Data Science;(SOC) Communications;(SOC) Sports and Recreation;,https://retractionwatch.com/2022/09/28/exclusive-hindawi-and-wiley-to-retract-over-500-papers-linked-to-peer-review-rings/,Concerns/Issues with Peer Review;Investigation by Journal/Publisher;Objections by Author(s);,No,
An Old Photo Image Restoration Processing Based on Deep Neural Network Structure,(B/T) Data Science;,https://retractionwatch.com/2022/09/28/exclusive-hindawi-and-wiley-to-retract-over-500-papers-linked-to-peer-review-rings/,Concerns/Issues with Peer Review;Investigation by Journal/Publisher;,No,
Multimodal Emotion Recognition Algorithm for Artificial Intelligence Information System,(B/T) Data Science;(SOC) Psychology;,https://retractionwatch.com/2022/09/28/exclusive-hindawi-and-wiley-to-retract-over-500-papers-linked-to-peer-review-rings/,Concerns/Issues with Peer Review;Investigation by Journal/Publisher;,No,
Text Mining Based on the Lexicon-Constrained Network in the Context of Big Data,(B/T) Data Science;(SOC) Linguistics;,https://retractionwatch.com/2022/09/28/exclusive-hindawi-and-wiley-to-retract-over-500-papers-linked-to-peer-review-rings/,Concerns/Issues with Peer Review;Investigation by Journal/Publisher;Objections by Author(s);,No,
Design of Embedded Ai Engine Based on the Microkernel Operating System,(B/T) Computer Science;(B/T) Data Science;,https://retractionwatch.com/2022/09/28/exclusive-hindawi-and-wiley-to-retract-over-500-papers-linked-to-peer-review-rings/,Concerns/Issues with Peer Review;Investigation by Journal/Publisher;,No,
Dynamic Early Warning Method of Multiclassification Financial Crisis of Listed Companies Based on Particle Swarm Optimization,(B/T) Business - Economics;(B/T) Data Science;,https://retractionwatch.com/2022/09/28/exclusive-hindawi-and-wiley-to-retract-over-500-papers-linked-to-peer-review-rings/,Concerns/Issues with Peer Review;Investigation by Journal/Publisher;,No,
Software Vulnerability Mining Techniques Based on Data Fusion and Reverse Engineering,(B/T) Computer Science;(B/T) Data Science;(B/T) Technology;,https://retractionwatch.com/2022/09/28/exclusive-hindawi-and-wiley-to-retract-over-500-papers-linked-to-peer-review-rings/,Concerns/Issues with Peer Review;Investigation by Journal/Publisher;,No,
Digital Transformation of Enterprise Finance under Big Data and Cloud Computing,(B/T) Business - Accounting;(B/T) Business - Economics;(B/T) Data Science;,https://retractionwatch.com/2022/09/28/exclusive-hindawi-and-wiley-to-retract-over-500-papers-linked-to-peer-review-rings/,Concerns/Issues with Peer Review;Investigation by Journal/Publisher;,No,
Computational Technologies for the Wearable Sports Training System Based on Sensor Acquisition,(B/T) Data Science;(B/T) Technology;(HSC) Medicine - Sports;,https://retractionwatch.com/2022/09/28/exclusive-hindawi-and-wiley-to-retract-over-500-papers-linked-to-peer-review-rings/,Concerns/Issues with Peer Review;Investigation by Journal/Publisher;,No,
Effect of Protein Nutrition Level on Protein Metabolism during Volleyball Exercise Based on Edge Computing in the Medical System,(B/T) Data Science;(B/T) Technology;(BLS) Nutrition;(HSC) Medicine - Sports;(HSC) Sports Science;,https://retractionwatch.com/2022/09/28/exclusive-hindawi-and-wiley-to-retract-over-500-papers-linked-to-peer-review-rings/;https://retractionwatch.com/2023/04/05/wiley-and-hindawi-to-retract-1200-more-papers-for-compromised-peer-review/,Concerns/Issues with Peer Review;Investigation by Journal/Publisher;Objections by Author(s);,No,
Data Processing Method of Distributed Parallel Database System Based on Wireless Network,(B/T) Computer Science;(B/T) Data Science;(B/T) Technology;,https://retractionwatch.com/2022/09/28/exclusive-hindawi-and-wiley-to-retract-over-500-papers-linked-to-peer-review-rings/,Concerns/Issues with Peer Review;Investigation by Journal/Publisher;,No,
Artificial Intelligence in Construction of English Classroom Situational Teaching Mode Based on Digital Twin Technology,(B/T) Data Science;(B/T) Technology;(SOC) Education;,https://retractionwatch.com/2022/09/28/exclusive-hindawi-and-wiley-to-retract-over-500-papers-linked-to-peer-review-rings/,Concerns/Issues with Peer Review;Investigation by Journal/Publisher;,No,
Research on Emotion Recognition of EEG Signal Based on Convolutional Neural Networks and High-Order Cross-Analysis,(B/T) Data Science;(HSC) Medicine - Neurology;(HSC) Medicine - Psychiatry;(SOC) Psychology;,https://retractionwatch.com/2022/09/28/exclusive-hindawi-and-wiley-to-retract-over-500-papers-linked-to-peer-review-rings/;https://retractionwatch.com/2023/04/05/wiley-and-hindawi-to-retract-1200-more-papers-for-compromised-peer-review/,Concerns/Issues with Peer Review;Investigation by Journal/Publisher;,No,
Perception and Recognition of Upper Limb Movement Trajectory of Aerobics Based on Multi-Intelligent Sensors,(B/T) Data Science;(B/T) Technology;(HSC) Sports Science;(PHY) Engineering - General;,https://retractionwatch.com/2022/09/28/exclusive-hindawi-and-wiley-to-retract-over-500-papers-linked-to-peer-review-rings/,Concerns/Issues with Peer Review;Investigation by Journal/Publisher;,No,
Influence of Internet Language Violence on Young Students’ Mental Health and Intervention Countermeasures,(B/T) Data Science;(B/T) Technology;(HSC) Medicine - Psychiatry;(SOC) Linguistics;(SOC) Psychology;,https://retractionwatch.com/2022/09/28/exclusive-hindawi-and-wiley-to-retract-over-500-papers-linked-to-peer-review-rings/;https://retractionwatch.com/2023/04/05/wiley-and-hindawi-to-retract-1200-more-papers-for-compromised-peer-review/,Concerns/Issues with Peer Review;Investigation by Journal/Publisher;Objections by Author(s);,No,
Monitoring and Analysis of Youth Sports Physique by Intelligent Medical Robot Based on Cognitive Computing,(B/T) Computer Science;(B/T) Data Science;(B/T) Technology;(HSC) Sports Science;,https://retractionwatch.com/2022/09/28/exclusive-hindawi-and-wiley-to-retract-over-500-papers-linked-to-peer-review-rings/,Concerns/Issues with Peer Review;Investigation by Journal/Publisher;,No,
Correlation Analysis of Vaspin Gene Polymorphisms and Polycystic Ovary Syndrome Based on Intelligent Medicine,(B/T) Data Science;(BLS) Genetics;(HSC) Medicine - Obstetrics/Gynecology;,https://retractionwatch.com/2022/09/28/exclusive-hindawi-and-wiley-to-retract-over-500-papers-linked-to-peer-review-rings/,Concerns/Issues with Peer Review;Investigation by Journal/Publisher;,No,
The Design of a Dual Servo Drive and Control Integrated Platform Based on VNet Neural Network,(B/T) Data Science;(B/T) Technology;,https://retractionwatch.com/2022/09/28/exclusive-hindawi-and-wiley-to-retract-over-500-papers-linked-to-peer-review-rings/,Concerns/Issues with Peer Review;Investigation by Journal/Publisher;,No,
Deep and Reinforcement Learning Technologies on Internet of Vehicle (IoV) Applications: Current Issues and Future Trends,(B/T) Data Science;(B/T) Technology;(B/T) Transportation;,https://retractionwatch.com/2022/09/28/exclusive-hindawi-and-wiley-to-retract-over-500-papers-linked-to-peer-review-rings/;https://retractionwatch.com/2023/04/05/wiley-and-hindawi-to-retract-1200-more-papers-for-compromised-peer-review/,Concerns/Issues with Peer Review;Investigation by Journal/Publisher;Objections by Author(s);,No,
Application of Deep Learning Technology in Glioma,(B/T) Data Science;(HSC) Medicine - Neurology;(HSC) Medicine - Oncology;,https://retractionwatch.com/2022/09/28/exclusive-hindawi-and-wiley-to-retract-over-500-papers-linked-to-peer-review-rings/;https://retractionwatch.com/2023/04/05/wiley-and-hindawi-to-retract-1200-more-papers-for-compromised-peer-review/,Concerns/Issues with Peer Review;Investigation by Journal/Publisher;,No,See also: https://pubpeer.com/publications/B474FD7BE64F30CFF56A842286E21E
Multimodal English Teaching Classroom Interaction Based on Artificial Neural Network,(B/T) Data Science;(SOC) Education;,https://retractionwatch.com/2022/09/28/exclusive-hindawi-and-wiley-to-retract-over-500-papers-linked-to-peer-review-rings/,Concerns/Issues with Peer Review;Investigation by Journal/Publisher;,No,
Research on Intelligent Function Design of Vocational Education System under Mobile Learning Mode,(B/T) Computer Science;(B/T) Data Science;(B/T) Technology;(SOC) Education;,https://retractionwatch.com/2022/09/28/exclusive-hindawi-and-wiley-to-retract-over-500-papers-linked-to-peer-review-rings/,Concerns/Issues with Peer Review;Investigation by Journal/Publisher;,No,
Countermeasures for the Development of Data Integration of the Internet Ice and Snow Tourism Industry under the Background of Artificial Intelligence,(B/T) Data Science;(SOC) Sports and Recreation;,https://retractionwatch.com/2022/09/28/exclusive-hindawi-and-wiley-to-retract-over-500-papers-linked-to-peer-review-rings/,Concerns/Issues with Peer Review;Investigation by Journal/Publisher;,No,
Badminton Backcourt Stroke Route Planning Method Based on Deep Learning,(B/T) Data Science;(SOC) Education;(SOC) Sports and Recreation;,https://retractionwatch.com/2022/09/28/exclusive-hindawi-and-wiley-to-retract-over-500-papers-linked-to-peer-review-rings/;https://retractionwatch.com/2023/04/05/wiley-and-hindawi-to-retract-1200-more-papers-for-compromised-peer-review/,Concerns/Issues with Peer Review;Investigation by Journal/Publisher;,No,
Curriculum Design of Art Higher Vocational Education Based on Artificial Intelligence Assisted Virtual Reality Technology,(B/T) Data Science;(B/T) Technology;(HUM) Arts - General;(SOC) Education;,https://retractionwatch.com/2022/09/28/exclusive-hindawi-and-wiley-to-retract-over-500-papers-linked-to-peer-review-rings/,Concerns/Issues with Peer Review;Investigation by Journal/Publisher;,No,
Artificial Intelligence Assists the Construction of Quantitative Model for the High-Quality Development of Modern Enterprises,(B/T) Business - Management;(B/T) Data Science;,https://retractionwatch.com/2022/09/28/exclusive-hindawi-and-wiley-to-retract-over-500-papers-linked-to-peer-review-rings/,Concerns/Issues with Peer Review;Investigation by Journal/Publisher;Objections by Author(s);,No,
Application of Intelligent Archives Management Based on Data Mining in Hospital Archives Management,(B/T) Business - Management;(B/T) Data Science;(HSC) Medicine - General;,https://retractionwatch.com/2022/09/28/exclusive-hindawi-and-wiley-to-retract-over-500-papers-linked-to-peer-review-rings/,Concerns/Issues with Peer Review;Investigation by Journal/Publisher;Objections by Author(s);,No,See also: https://pubpeer.com/publications/FE643B88D16AEA867ED6FE97E198F6
Analysis of Human Reliability in Fever Clinics during the Epidemic Based on the DEMATEL Method,(B/T) Data Science;(HSC) Medicine - General;,https://retractionwatch.com/2022/09/28/exclusive-hindawi-and-wiley-to-retract-over-500-papers-linked-to-peer-review-rings/;https://retractionwatch.com/2023/04/05/wiley-and-hindawi-to-retract-1200-more-papers-for-compromised-peer-review/,Concerns/Issues with Peer Review;Investigation by Journal/Publisher;,No,
Packaging Big Data Visualization Based on Computational Intelligence Information Design,(B/T) Data Science;,https://retractionwatch.com/2022/09/28/exclusive-hindawi-and-wiley-to-retract-over-500-papers-linked-to-peer-review-rings/,Concerns/Issues with Peer Review;Investigation by Journal/Publisher;,No,
Design and Optimization of Urinary Real-Time Nursing Model Based on Medical Internet of Things,(B/T) Data Science;(HSC) Medicine - Nursing;,https://retractionwatch.com/2022/09/28/exclusive-hindawi-and-wiley-to-retract-over-500-papers-linked-to-peer-review-rings/,Concerns/Issues with Peer Review;Investigation by Journal/Publisher;,No,
Automatic Control of Mobile Industrial Robot Based on Multiobjective Optimization Strategy,(B/T) Data Science;(B/T) Technology;,https://retractionwatch.com/2022/09/28/exclusive-hindawi-and-wiley-to-retract-over-500-papers-linked-to-peer-review-rings/;https://retractionwatch.com/2023/04/05/wiley-and-hindawi-to-retract-1200-more-papers-for-compromised-peer-review/,Concerns/Issues with Peer Review;Investigation by Journal/Publisher;,No,
Construction of Economic Management Big Data Platform Based on Artificial Intelligence Algorithm Monitoring and Early Warning,(B/T) Business - Economics;(B/T) Business - Management;(B/T) Data Science;,https://retractionwatch.com/2022/09/28/exclusive-hindawi-and-wiley-to-retract-over-500-papers-linked-to-peer-review-rings/;https://retractionwatch.com/2023/04/05/wiley-and-hindawi-to-retract-1200-more-papers-for-compromised-peer-review/,Concerns/Issues with Peer Review;Investigation by Journal/Publisher;Objections by Author(s);,No,
An Improved Method Research on Graphics and Image Processing System,(B/T) Computer Science;(B/T) Data Science;,https://retractionwatch.com/2022/09/28/exclusive-hindawi-and-wiley-to-retract-over-500-papers-linked-to-peer-review-rings/,Concerns/Issues with Peer Review;Investigation by Journal/Publisher;,No,
Prediction of Coal Mining Subsidence Based on Machine Learning Probability Theory,(B/T) Data Science;(HSC) Public Health and Safety;,https://retractionwatch.com/2022/09/28/exclusive-hindawi-and-wiley-to-retract-over-500-papers-linked-to-peer-review-rings/;https://retractionwatch.com/2023/04/05/wiley-and-hindawi-to-retract-1200-more-papers-for-compromised-peer-review/,Concerns/Issues with Peer Review;Investigation by Journal/Publisher;,No,
Design of Customer Churn Early Warning System Based on Mobile Communication Technology Based on Data Mining,(B/T) Business - Marketing;(B/T) Data Science;,https://retractionwatch.com/2022/09/28/exclusive-hindawi-and-wiley-to-retract-over-500-papers-linked-to-peer-review-rings/;https://retractionwatch.com/2023/04/05/wiley-and-hindawi-to-retract-1200-more-papers-for-compromised-peer-review/,Concerns/Issues with Peer Review;Investigation by Journal/Publisher;,No,
Research on the Application of Data Mining Technology in College Students’ Mental Health Education in the Network Age,(B/T) Data Science;(SOC) Education;(SOC) Psychology;,https://retractionwatch.com/2022/09/28/exclusive-hindawi-and-wiley-to-retract-over-500-papers-linked-to-peer-review-rings/,Concerns/Issues with Peer Review;Investigation by Journal/Publisher;,No,
Big Data Mining Method of E-Commerce Consumption Pattern Based on Mobile Platform,(B/T) Business - Marketing;(B/T) Data Science;(B/T) Technology;,https://retractionwatch.com/2022/09/28/exclusive-hindawi-and-wiley-to-retract-over-500-papers-linked-to-peer-review-rings/,Concerns/Issues with Peer Review;Investigation by Journal/Publisher;,No,
5G-Based Information Platform Design of Tourist Attractions in the Context of Mobile Big Data,(B/T) Data Science;(B/T) Technology;(SOC) Sports and Recreation;,https://retractionwatch.com/2022/09/28/exclusive-hindawi-and-wiley-to-retract-over-500-papers-linked-to-peer-review-rings/,Concerns/Issues with Peer Review;Investigation by Journal/Publisher;,No,
Research on Marketing Management Risk Decision Model Based on LINEST Function,(B/T) Business - Marketing;(B/T) Data Science;,https://retractionwatch.com/2022/09/28/exclusive-hindawi-and-wiley-to-retract-over-500-papers-linked-to-peer-review-rings/,Concerns/Issues with Peer Review;Investigation by Journal/Publisher;,No,
Parallel Bookkeeping Path of Accounting in Government Accounting System Based on Deep Neural Network,(B/T) Business - Accounting;(B/T) Data Science;(B/T) Government;,https://retractionwatch.com/2022/09/28/exclusive-hindawi-and-wiley-to-retract-over-500-papers-linked-to-peer-review-rings/;https://retractionwatch.com/2023/04/05/wiley-and-hindawi-to-retract-1200-more-papers-for-compromised-peer-review/,Concerns/Issues with Peer Review;Investigation by Journal/Publisher;,No,
Design and Implementation of Human Motion Monitoring System on Account of Intelligent Computing of Internet of Things,(B/T) Computer Science;(B/T) Data Science;(B/T) Technology;,https://retractionwatch.com/2022/09/28/exclusive-hindawi-and-wiley-to-retract-over-500-papers-linked-to-peer-review-rings/;https://retractionwatch.com/2023/04/05/wiley-and-hindawi-to-retract-1200-more-papers-for-compromised-peer-review/,Concerns/Issues with Peer Review;Investigation by Journal/Publisher;Objections by Author(s);,No,
Application of Neural Network in the Stability of Biped Robot and Embedded Control of Walking Mode,(B/T) Data Science;(B/T) Technology;(PHY) Engineering - General;,https://retractionwatch.com/2022/09/28/exclusive-hindawi-and-wiley-to-retract-over-500-papers-linked-to-peer-review-rings/;https://retractionwatch.com/2023/04/05/wiley-and-hindawi-to-retract-1200-more-papers-for-compromised-peer-review/,Concerns/Issues with Peer Review;Investigation by Journal/Publisher;,No,
Wireless Sensor System of UAV Infrared Image and Visible Light Image Registration Fusion,(B/T) Data Science;(B/T) Technology;,https://retractionwatch.com/2022/09/28/exclusive-hindawi-and-wiley-to-retract-over-500-papers-linked-to-peer-review-rings/;https://retractionwatch.com/2023/04/05/wiley-and-hindawi-to-retract-1200-more-papers-for-compromised-peer-review/,Concerns/Issues with Peer Review;Investigation by Journal/Publisher;Objections by Author(s);,No,
The Research of Multimedia Complex Intelligent System in Financial Reporting Mode,(B/T) Business - General;(B/T) Data Science;,https://retractionwatch.com/2022/09/28/exclusive-hindawi-and-wiley-to-retract-over-500-papers-linked-to-peer-review-rings/;https://retractionwatch.com/2023/04/05/wiley-and-hindawi-to-retract-1200-more-papers-for-compromised-peer-review/,Concerns/Issues with Peer Review;Investigation by Journal/Publisher;,No,
Research on Collaborative Optimization Model of Tourism Resources and Highway Network Based on IoT Network and Deep Learning,(B/T) Data Science;(B/T) Technology;(B/T) Transportation;(SOC) Sports and Recreation;,https://retractionwatch.com/2022/09/28/exclusive-hindawi-and-wiley-to-retract-over-500-papers-linked-to-peer-review-rings/,Concerns/Issues with Peer Review;Investigation by Journal/Publisher;,No,
The Mental Health and Grade Point Average among College Students from Lower Socioeconomic Status Based on Healthcare Data Analysis,(B/T) Data Science;(SOC) Psychology;(SOC) Sociology;,https://retractionwatch.com/2022/09/28/exclusive-hindawi-and-wiley-to-retract-over-500-papers-linked-to-peer-review-rings/;https://retractionwatch.com/2023/04/05/wiley-and-hindawi-to-retract-1200-more-papers-for-compromised-peer-review/,Concerns/Issues with Peer Review;Investigation by Journal/Publisher;,No,
A Method for Detection of Rare Industrial Fake Film Based on Deep Learning,(B/T) Business - Manufacturing;(B/T) Data Science;,https://retractionwatch.com/2022/09/28/exclusive-hindawi-and-wiley-to-retract-over-500-papers-linked-to-peer-review-rings/,Concerns/Issues with Peer Review;Investigation by Journal/Publisher;,No,
Application of Feature Selection Based on Elastic Network and Random Forest in the Evaluation of Sports Effects,(B/T) Data Science;(SOC) Sports and Recreation;,https://retractionwatch.com/2022/09/28/exclusive-hindawi-and-wiley-to-retract-over-500-papers-linked-to-peer-review-rings/;https://retractionwatch.com/2023/04/05/wiley-and-hindawi-to-retract-1200-more-papers-for-compromised-peer-review/,Concerns/Issues with Peer Review;Investigation by Journal/Publisher;,No,
Development of the Music Teaching System Based on Speech Recognition and Artificial Intelligence,(B/T) Data Science;(HUM) Arts - Music;(SOC) Education;,https://retractionwatch.com/2022/09/28/exclusive-hindawi-and-wiley-to-retract-over-500-papers-linked-to-peer-review-rings/,Concerns/Issues with Peer Review;Investigation by Journal/Publisher;,No,
Artificial Intelligence-Enabled Medical Analysis for Intracranial Cerebral Hemorrhage Detection and Classification,(B/T) Data Science;(HSC) Medicine - Cardiovascular;,https://retractionwatch.com/2022/09/28/exclusive-hindawi-and-wiley-to-retract-over-500-papers-linked-to-peer-review-rings/;https://retractionwatch.com/2023/04/05/wiley-and-hindawi-to-retract-1200-more-papers-for-compromised-peer-review/,Concerns/Issues with Peer Review;Investigation by Journal/Publisher;,No,
Regulatory Networks of Prognostic mRNAs in Pediatric Acute Myeloid Leukemia,(B/T) Data Science;(BLS) Genetics;(HSC) Medicine - Oncology;(HSC) Medicine - Pediatrics;,https://retractionwatch.com/2022/09/28/exclusive-hindawi-and-wiley-to-retract-over-500-papers-linked-to-peer-review-rings/;https://retractionwatch.com/2023/04/05/wiley-and-hindawi-to-retract-1200-more-papers-for-compromised-peer-review/,Concerns/Issues with Peer Review;Investigation by Journal/Publisher;Objections by Author(s);,No,
Research on Classroom Online Teaching Model of “Learning” Wisdom Music on Wireless Network under the Background of Artificial Intelligence,(B/T) Data Science;(B/T) Technology;(SOC) Education;,https://retractionwatch.com/2022/09/28/exclusive-hindawi-and-wiley-to-retract-over-500-papers-linked-to-peer-review-rings/,Concerns/Issues with Peer Review;Investigation by Journal/Publisher;,No,
Research on Music Style Classification Based on Deep Learning,(B/T) Data Science;(HUM) Arts - Music;,https://retractionwatch.com/2022/09/28/exclusive-hindawi-and-wiley-to-retract-over-500-papers-linked-to-peer-review-rings/,Concerns/Issues with Peer Review;Investigation by Journal/Publisher;,No,
Relationship between Volleyball Sports Nutrition Food and Sports Athletes’ Training and Physical Health Based on Medical Image Recognition,(B/T) Data Science;(HSC) Radiology/Imaging;(HSC) Sports Science;,https://retractionwatch.com/2022/09/28/exclusive-hindawi-and-wiley-to-retract-over-500-papers-linked-to-peer-review-rings/,Concerns/Issues with Peer Review;Investigation by Journal/Publisher;,No,
Clinical Research of Orthopedic Trauma Based on Computer 3D Image Analysis,(B/T) Data Science;(B/T) Technology;(HSC) Medicine - Orthopedics;,https://retractionwatch.com/2022/09/28/exclusive-hindawi-and-wiley-to-retract-over-500-papers-linked-to-peer-review-rings/,Concerns/Issues with Peer Review;Investigation by Journal/Publisher;,No,
Research on Wushu Sports Feedback System Based on Real-Time Target Intelligent Tracking Video Processing,(B/T) Data Science;(SOC) Sports and Recreation;,https://retractionwatch.com/2022/09/28/exclusive-hindawi-and-wiley-to-retract-over-500-papers-linked-to-peer-review-rings/,Concerns/Issues with Peer Review;Investigation by Journal/Publisher;,No,
Research on the Path of Network Opinion Expression in AI Environment for College Students,(B/T) Data Science;(SOC) Education;,https://retractionwatch.com/2022/09/28/exclusive-hindawi-and-wiley-to-retract-over-500-papers-linked-to-peer-review-rings/,Concerns/Issues with Peer Review;Investigation by Journal/Publisher;,No,
Research on Application of Sports Training Performance Prediction Based on Convolutional Neural Network,(B/T) Data Science;(HSC) Sports Science;(SOC) Sports and Recreation;,https://retractionwatch.com/2022/09/28/exclusive-hindawi-and-wiley-to-retract-over-500-papers-linked-to-peer-review-rings/,Concerns/Issues with Peer Review;Investigation by Journal/Publisher;,No,
Computational Technologies in Internet of Things and Big Data Technology for Physical Exercise Rehabilitation System,(B/T) Data Science;(B/T) Technology;(SOC) Sports and Recreation;,https://retractionwatch.com/2022/09/28/exclusive-hindawi-and-wiley-to-retract-over-500-papers-linked-to-peer-review-rings/,Concerns/Issues with Peer Review;Investigation by Journal/Publisher;,No,
Prediction Model for Driver Reaction Time Based on PSO-BP Neural Network Model,(B/T) Data Science;(B/T) Technology;(B/T) Transportation;,https://retractionwatch.com/2022/09/28/exclusive-hindawi-and-wiley-to-retract-over-500-papers-linked-to-peer-review-rings/,Concerns/Issues with Peer Review;Investigation by Journal/Publisher;,No,
Data Mining Technology-Based English Listening Prediction Strategy and Its Training Approach,(B/T) Data Science;(SOC) Education;,https://retractionwatch.com/2022/09/28/exclusive-hindawi-and-wiley-to-retract-over-500-papers-linked-to-peer-review-rings/,Concerns/Issues with Peer Review;Investigation by Journal/Publisher;,No,
An Intelligent Teaching Strategy of Cross-Cultural Business Communication Course Based on Big Data,(B/T) Business - General;(B/T) Data Science;(SOC) Communications;(SOC) Education;,https://retractionwatch.com/2022/09/28/exclusive-hindawi-and-wiley-to-retract-over-500-papers-linked-to-peer-review-rings/,Concerns/Issues with Peer Review;Investigation by Journal/Publisher;,No,
Hand Gesture of Recognition Pattern Analysis by Image Treatment Techniques,(B/T) Computer Science;(B/T) Data Science;,https://retractionwatch.com/2022/09/28/exclusive-hindawi-and-wiley-to-retract-over-500-papers-linked-to-peer-review-rings/,Concerns/Issues with Peer Review;Investigation by Journal/Publisher;,No,
Footprint Extraction and Sports Dance Action Recognition Method Based on Artificial Intelligence Distributed Edge Computing,(B/T) Computer Science;(B/T) Data Science;(HSC) Sports Science;(SOC) Sports and Recreation;,https://retractionwatch.com/2022/09/28/exclusive-hindawi-and-wiley-to-retract-over-500-papers-linked-to-peer-review-rings/,Concerns/Issues with Peer Review;Investigation by Journal/Publisher;,No,
Convolutional Neural Network and Computer Vision-Based Action Correction Method for Long-Distance Running Technology,(B/T) Data Science;(B/T) Technology;(HSC) Sports Science;,https://retractionwatch.com/2022/09/28/exclusive-hindawi-and-wiley-to-retract-over-500-papers-linked-to-peer-review-rings/,Concerns/Issues with Peer Review;Investigation by Journal/Publisher;,No,
Simulation Research on the Palm Mechanism of Volleyball Robot Based on Artificial Intelligence and Ant Colony Optimization Algorithm,(B/T) Computer Science;(B/T) Data Science;(B/T) Technology;(PHY) Engineering - General;(SOC) Sports and Recreation;,https://retractionwatch.com/2022/09/28/exclusive-hindawi-and-wiley-to-retract-over-500-papers-linked-to-peer-review-rings/,Concerns/Issues with Peer Review;Investigation by Journal/Publisher;,No,
Legal Regulation of Artificial Intelligence and Digital Twin Decision-Making Risks in Mobile Edge Computing,(B/T) Data Science;(B/T) Technology;(SOC) Law/Legal Issues;,https://retractionwatch.com/2022/09/28/exclusive-hindawi-and-wiley-to-retract-over-500-papers-linked-to-peer-review-rings/,Concerns/Issues with Peer Review;Investigation by Journal/Publisher;Objections by Author(s);,No,
Recognition Method of Matching Error between Dance Action and Music Beat Based on Data Mining,(B/T) Data Science;(HUM) Arts - General;(HUM) Arts - Music;,https://retractionwatch.com/2022/09/28/exclusive-hindawi-and-wiley-to-retract-over-500-papers-linked-to-peer-review-rings/,Concerns/Issues with Peer Review;Investigation by Journal/Publisher;,No,
Data Analysis Deep Learning Research on Spatiotemporal Preposition Construction Network,(B/T) Data Science;(SOC) Linguistics;,https://retractionwatch.com/2022/09/28/exclusive-hindawi-and-wiley-to-retract-over-500-papers-linked-to-peer-review-rings/,Concerns/Issues with Peer Review;Investigation by Journal/Publisher;,No,
Research on Music Content Recognition and Recommendation Technology Based on Deep Learning,(B/T) Data Science;(HUM) Arts - Music;,https://retractionwatch.com/2022/09/28/exclusive-hindawi-and-wiley-to-retract-over-500-papers-linked-to-peer-review-rings/,Concerns/Issues with Peer Review;Investigation by Journal/Publisher;,No,
MEMS Sensors in Tennis Teaching and Training under the Background of Big Data Intelligent Communication,(B/T) Data Science;(B/T) Technology;(HSC) Sports Science;(SOC) Sports and Recreation;,https://retractionwatch.com/2022/09/28/exclusive-hindawi-and-wiley-to-retract-over-500-papers-linked-to-peer-review-rings/,Concerns/Issues with Peer Review;Investigation by Journal/Publisher;,No,
Recognition of Hitting Action in Cyclic Anaerobic Volleyball by Acute Cooling Based on Improved Spatiotemporal Graph Convolutional Network,(B/T) Data Science;(HSC) Sports Science;(SOC) Sports and Recreation;,https://retractionwatch.com/2022/09/28/exclusive-hindawi-and-wiley-to-retract-over-500-papers-linked-to-peer-review-rings/,Concerns/Issues with Peer Review;Investigation by Journal/Publisher;Objections by Author(s);,No,
Machine Learning-Enabled Development of Model for Japanese Film Industry,(B/T) Data Science;(HUM) Arts - Film Studies;,https://retractionwatch.com/2022/09/28/exclusive-hindawi-and-wiley-to-retract-over-500-papers-linked-to-peer-review-rings/,Concerns/Issues with Peer Review;Investigation by Journal/Publisher;Objections by Author(s);,No,
Harr-NMF Feature Extraction for Multilevel Educational Technology Teaching Big Data System,(B/T) Data Science;(B/T) Technology;(SOC) Education;,https://retractionwatch.com/2022/09/28/exclusive-hindawi-and-wiley-to-retract-over-500-papers-linked-to-peer-review-rings/,Concerns/Issues with Peer Review;Investigation by Journal/Publisher;Objections by Author(s);,No,
Research on the Contribution of Electronic Commerce to Economic Development: An Empirical Analysis Based on Artificial Neural Network,(B/T) Business - Economics;(B/T) Business - Marketing;(B/T) Data Science;,https://retractionwatch.com/2022/09/28/exclusive-hindawi-and-wiley-to-retract-over-500-papers-linked-to-peer-review-rings/,Concerns/Issues with Peer Review;Investigation by Journal/Publisher;Objections by Author(s);,No,
Technical Research on Moving Target Monitoring and Intelligent Tracking Algorithm Based on Machine Vision,(B/T) Computer Science;(B/T) Data Science;(B/T) Technology;,https://retractionwatch.com/2022/09/28/exclusive-hindawi-and-wiley-to-retract-over-500-papers-linked-to-peer-review-rings/,Concerns/Issues with Peer Review;Investigation by Journal/Publisher;Objections by Author(s);,No,
Exploring the Medication Pattern of Chinese Medicine for Peptic Ulcer Based on Data Mining,(B/T) Data Science;(HSC) Medicine - Alternative;(HSC) Medicine - Gastroenterology;,https://retractionwatch.com/2022/09/28/exclusive-hindawi-and-wiley-to-retract-over-500-papers-linked-to-peer-review-rings/;https://retractionwatch.com/2023/04/05/wiley-and-hindawi-to-retract-1200-more-papers-for-compromised-peer-review/,Concerns/Issues with Peer Review;Investigation by Journal/Publisher;,No,
Vehicle Detection for Vision-Based Intelligent Transportation Systems Using Convolutional Neural Network Algorithm,(B/T) Data Science;(B/T) Technology;(B/T) Transportation;,https://retractionwatch.com/2022/09/28/exclusive-hindawi-and-wiley-to-retract-over-500-papers-linked-to-peer-review-rings/;https://retractionwatch.com/2023/04/05/wiley-and-hindawi-to-retract-1200-more-papers-for-compromised-peer-review/,Concerns/Issues with Peer Review;Investigation by Journal/Publisher;Objections by Author(s);,No,
Dilemma and Countermeasures of English Teaching Reform Based on Multiculturalism in the Context of Big Data and Wireless Communication,(B/T) Data Science;(B/T) Technology;(SOC) Communications;(SOC) Education;,https://retractionwatch.com/2022/09/28/exclusive-hindawi-and-wiley-to-retract-over-500-papers-linked-to-peer-review-rings/,Concerns/Issues with Peer Review;Investigation by Journal/Publisher;,No,
Construction of a Physical and Medical Care Integrated Model for the Elderly in the Community Based on Artificial Intelligence and Machine Learning,(B/T) Data Science;(HSC) Medicine - Geriatric;,https://retractionwatch.com/2022/09/28/exclusive-hindawi-and-wiley-to-retract-over-500-papers-linked-to-peer-review-rings/;https://retractionwatch.com/2023/04/05/wiley-and-hindawi-to-retract-1200-more-papers-for-compromised-peer-review/,Concerns/Issues with Peer Review;Investigation by Journal/Publisher;,No,
Athlete Gait Feature Recognition Method Based on Multisource Sensing Information,(B/T) Data Science;(HSC) Sports Science;,https://retractionwatch.com/2022/09/28/exclusive-hindawi-and-wiley-to-retract-over-500-papers-linked-to-peer-review-rings/,Concerns/Issues with Peer Review;Investigation by Journal/Publisher;,No,
Analysis of the Effect of Robots in the Treatment of Pancreatic Cancer Based on Smart Medicine,(B/T) Data Science;(HSC) Medicine - Oncology;,https://retractionwatch.com/2022/09/28/exclusive-hindawi-and-wiley-to-retract-over-500-papers-linked-to-peer-review-rings/;https://retractionwatch.com/2023/04/05/wiley-and-hindawi-to-retract-1200-more-papers-for-compromised-peer-review/,Concerns/Issues with Peer Review;Investigation by Journal/Publisher;,No,See also: https://pubpeer.com/publications/2184158114EB35394358AC700A912D
RNN Neural Network Model for Chinese-Korean Translation Learning,(B/T) Data Science;(SOC) Education;(SOC) Linguistics;,https://retractionwatch.com/2022/09/28/exclusive-hindawi-and-wiley-to-retract-over-500-papers-linked-to-peer-review-rings/,Concerns/Issues with Peer Review;Investigation by Journal/Publisher;,No,
Breast Cancer Classification Prediction Based on Ultrasonic Image Feature Recognition,(B/T) Data Science;(HSC) Medicine - Oncology;(HSC) Medicine - Pathology;(HSC) Radiology/Imaging;,https://retractionwatch.com/2022/09/28/exclusive-hindawi-and-wiley-to-retract-over-500-papers-linked-to-peer-review-rings/;https://retractionwatch.com/2023/04/05/wiley-and-hindawi-to-retract-1200-more-papers-for-compromised-peer-review/,Concerns/Issues with Peer Review;Investigation by Journal/Publisher;Objections by Author(s);,No,See also: https://pubpeer.com/publications/05777DEA77FF860257FDCAEB9455CD
Research on Badminton Player’s Step Training Model Based on Big Data and IoT Networks,(B/T) Data Science;(SOC) Sports and Recreation;,https://retractionwatch.com/2022/09/28/exclusive-hindawi-and-wiley-to-retract-over-500-papers-linked-to-peer-review-rings/,Concerns/Issues with Peer Review;Investigation by Journal/Publisher;,No,
Multifeature Fusion Human Pose Tracking Algorithm Based on Motion Image Analysis,(B/T) Computer Science;(B/T) Data Science;(B/T) Technology;,https://retractionwatch.com/2022/09/28/exclusive-hindawi-and-wiley-to-retract-over-500-papers-linked-to-peer-review-rings/,Concerns/Issues with Peer Review;Investigation by Journal/Publisher;,No,
Adaptive Integration Algorithm of Sports Event Network Marketing Data Based on Big Data,(B/T) Business - Marketing;(B/T) Data Science;(SOC) Sports and Recreation;,https://retractionwatch.com/2022/09/28/exclusive-hindawi-and-wiley-to-retract-over-500-papers-linked-to-peer-review-rings/,Concerns/Issues with Peer Review;Investigation by Journal/Publisher;,No,
Research on Lung Ultrasound Image Classification Based on Compressed Sensing,(B/T) Data Science;(HSC) Medicine - Pulmonology;(HSC) Radiology/Imaging;,https://retractionwatch.com/2022/09/28/exclusive-hindawi-and-wiley-to-retract-over-500-papers-linked-to-peer-review-rings/;https://retractionwatch.com/2023/04/05/wiley-and-hindawi-to-retract-1200-more-papers-for-compromised-peer-review/,Concerns/Issues with Peer Review;Investigation by Journal/Publisher;,No,
Construction of the “Internet Plus” Community Smart Elderly Care Service Platform,(B/T) Data Science;(B/T) Technology;(HSC) Medicine - Geriatric;(HSC) Medicine - Nursing;,https://retractionwatch.com/2022/09/28/exclusive-hindawi-and-wiley-to-retract-over-500-papers-linked-to-peer-review-rings/;https://retractionwatch.com/2023/04/05/wiley-and-hindawi-to-retract-1200-more-papers-for-compromised-peer-review/,Concerns/Issues with Peer Review;Investigation by Journal/Publisher;,No,
The Innovative Development of Russian Modern Oil Painting under the Background of Internet of Things and Artificial Intelligence,(B/T) Data Science;(B/T) Technology;(HUM) Arts - General;,https://retractionwatch.com/2022/09/28/exclusive-hindawi-and-wiley-to-retract-over-500-papers-linked-to-peer-review-rings/,Concerns/Issues with Peer Review;Investigation by Journal/Publisher;,No,
Research on a Good Life and Coordinated Development Based on Intelligent Communication and k-Means Algorithm,(B/T) Computer Science;(B/T) Data Science;(B/T) Technology;(HSC) Medicine - General;,https://retractionwatch.com/2022/09/28/exclusive-hindawi-and-wiley-to-retract-over-500-papers-linked-to-peer-review-rings/;https://retractionwatch.com/2023/04/05/wiley-and-hindawi-to-retract-1200-more-papers-for-compromised-peer-review/,Concerns/Issues with Peer Review;Investigation by Journal/Publisher;,No,
Informatization Teaching Mode of Vision Sensor Digital Image and Fusion Association Rule Mining Algorithm,(B/T) Computer Science;(B/T) Data Science;(SOC) Education;,https://retractionwatch.com/2022/09/28/exclusive-hindawi-and-wiley-to-retract-over-500-papers-linked-to-peer-review-rings/,Concerns/Issues with Peer Review;Investigation by Journal/Publisher;Objections by Author(s);,No,
Machine Learning-Based Improvement of Musical Digital Processing Technology on Musical Performance,(B/T) Data Science;(B/T) Technology;(HUM) Arts - Music;,https://retractionwatch.com/2022/09/28/exclusive-hindawi-and-wiley-to-retract-over-500-papers-linked-to-peer-review-rings/,Concerns/Issues with Peer Review;Investigation by Journal/Publisher;,No,
Prevention and Detection Research of Intelligent Sports Rehabilitation under the Background of Artificial Intelligence,(B/T) Data Science;(SOC) Sports and Recreation;,https://retractionwatch.com/2022/09/28/exclusive-hindawi-and-wiley-to-retract-over-500-papers-linked-to-peer-review-rings/,Concerns/Issues with Peer Review;Investigation by Journal/Publisher;Objections by Author(s);,No,
Biometric Recognition of Finger Knuckle Print Based on the Fusion of Global Features and Local Features,(B/T) Data Science;(B/T) Technology;,https://retractionwatch.com/2022/09/28/exclusive-hindawi-and-wiley-to-retract-over-500-papers-linked-to-peer-review-rings/;https://retractionwatch.com/2023/04/05/wiley-and-hindawi-to-retract-1200-more-papers-for-compromised-peer-review/,Concerns/Issues with Peer Review;Investigation by Journal/Publisher;,No,
Early Detection of Medical Image Analysis by Using Machine Learning Method,(B/T) Data Science;(HSC) Radiology/Imaging;,https://retractionwatch.com/2022/09/28/exclusive-hindawi-and-wiley-to-retract-over-500-papers-linked-to-peer-review-rings/,Concerns/Issues with Peer Review;Investigation by Journal/Publisher;Objections by Author(s);Upgrade/Update of Prior Notice(s);,No,
Investigation of Influencing Factors on the Prevalence of Retinopathy in Diabetic Patients Based on Medical Big Data,(B/T) Data Science;(HSC) Medicine - Diabetes;(HSC) Medicine - Ophthalmology;,https://retractionwatch.com/2022/09/28/exclusive-hindawi-and-wiley-to-retract-over-500-papers-linked-to-peer-review-rings/,Concerns/Issues with Peer Review;Investigation by Journal/Publisher;Objections by Author(s);,No,
A Real-Time Medical Ventilation on Heart Failure Analysis Based on Sleep Apnea Snore and Meta-Analysis,(B/T) Data Science;(HSC) Medicine - Cardiovascular;,https://retractionwatch.com/2022/09/28/exclusive-hindawi-and-wiley-to-retract-over-500-papers-linked-to-peer-review-rings/;https://retractionwatch.com/2023/04/05/wiley-and-hindawi-to-retract-1200-more-papers-for-compromised-peer-review/,Concerns/Issues with Peer Review;Investigation by Journal/Publisher;,No,
Artificial Intelligence Technique of Synthesis and Characterizations for Measurement of Optical Particles in Medical Devices,(B/T) Data Science;(B/T) Technology;(HSC) Medicine - General;,https://retractionwatch.com/2022/09/28/exclusive-hindawi-and-wiley-to-retract-over-500-papers-linked-to-peer-review-rings/,Concerns/Issues with Peer Review;Investigation by Journal/Publisher;Objections by Author(s);,No,
Event Scene Method of Legal Domain Knowledge Map Based on Neural Network Hybrid Model,(B/T) Data Science;(SOC) Law/Legal Issues;,https://retractionwatch.com/2022/09/28/exclusive-hindawi-and-wiley-to-retract-over-500-papers-linked-to-peer-review-rings/,Concerns/Issues with Peer Review;Investigation by Journal/Publisher;,No,
Novel Multirole-Oriented Deep Learning Text Classification Model,(B/T) Data Science;(SOC) Communications;,https://retractionwatch.com/2022/09/28/exclusive-hindawi-and-wiley-to-retract-over-500-papers-linked-to-peer-review-rings/,Concerns/Issues with Peer Review;Investigation by Journal/Publisher;,No,
Research on Modeling and Dynamic Characteristics of Complex Biological Neural Network Model considering BP Neural Network Method,(B/T) Computer Science;(B/T) Data Science;(BLS) Biology - General;,https://retractionwatch.com/2022/09/28/exclusive-hindawi-and-wiley-to-retract-over-500-papers-linked-to-peer-review-rings/,Concerns/Issues with Peer Review;Investigation by Journal/Publisher;,No,
Logistics Service Supply Chain Model Applying Artificial Intelligence and Big Data Analysis,(B/T) Data Science;(B/T) Technology;,https://retractionwatch.com/2022/09/28/exclusive-hindawi-and-wiley-to-retract-over-500-papers-linked-to-peer-review-rings/,Concerns/Issues with Peer Review;Investigation by Journal/Publisher;,No,
A Graph Neural Network (GNN) Algorithm for Constructing the Evolution Process of Rural Settlement Morphology,(B/T) Data Science;(B/T) Urban Planning;,https://retractionwatch.com/2022/09/28/exclusive-hindawi-and-wiley-to-retract-over-500-papers-linked-to-peer-review-rings/,Concerns/Issues with Peer Review;Investigation by Journal/Publisher;,No,
Infrastructure Smart Service System Based on Big Data Information System,(B/T) Data Science;(B/T) Technology;,https://retractionwatch.com/2022/09/28/exclusive-hindawi-and-wiley-to-retract-over-500-papers-linked-to-peer-review-rings/;https://retractionwatch.com/2023/04/05/wiley-and-hindawi-to-retract-1200-more-papers-for-compromised-peer-review/,Concerns/Issues with Peer Review;Investigation by Journal/Publisher;,No,
Spread of Online Public Opinion of Animal Epidemic Emergency: A Case Study of the H7N9 Incident Based on Healthcare Data Analytics,(B/T) Data Science;(HSC) Biostatistics/Epidemiology;(HSC) Public Health and Safety;,https://retractionwatch.com/2022/09/28/exclusive-hindawi-and-wiley-to-retract-over-500-papers-linked-to-peer-review-rings/;https://retractionwatch.com/2023/04/05/wiley-and-hindawi-to-retract-1200-more-papers-for-compromised-peer-review/,Concerns/Issues with Peer Review;Investigation by Journal/Publisher;,No,
The Relationship between the Degree of Urban Intelligence and the Performance of Enterprises in the City Based on Artificial Intelligence and Soft Computing,(B/T) Business - Management;(B/T) Data Science;,https://retractionwatch.com/2022/09/28/exclusive-hindawi-and-wiley-to-retract-over-500-papers-linked-to-peer-review-rings/,Concerns/Issues with Peer Review;Investigation by Journal/Publisher;,No,
The Construction of Sports Health Management Model Based on Deep Learning,(B/T) Data Science;(HSC) Sports Science;(SOC) Sports and Recreation;,https://retractionwatch.com/2022/09/28/exclusive-hindawi-and-wiley-to-retract-over-500-papers-linked-to-peer-review-rings/,Concerns/Issues with Peer Review;Investigation by Journal/Publisher;,No,
Data Mining and Analysis of Management Theory on the Emotional Recognition of Students’ Physical Fitness Improvement,(B/T) Business - Management;(B/T) Data Science;(SOC) Education;(SOC) Sports and Recreation;,https://retractionwatch.com/2022/09/28/exclusive-hindawi-and-wiley-to-retract-over-500-papers-linked-to-peer-review-rings/,Concerns/Issues with Peer Review;Investigation by Journal/Publisher;Objections by Author(s);,No,
A Coordinated and Optimized Mechanism of Artificial Intelligence for Student Management by College Counselors Based on Big Data,(B/T) Business - Management;(B/T) Data Science;(SOC) Education;,https://retractionwatch.com/2022/09/28/exclusive-hindawi-and-wiley-to-retract-over-500-papers-linked-to-peer-review-rings/,Concerns/Issues with Peer Review;Investigation by Journal/Publisher;,No,
An Empirical Study on the Impact of Customer Purchase Intention Based on Factor Analysis and Structural Equation Model,(B/T) Business - Marketing;(B/T) Computer Science;(B/T) Data Science;,https://retractionwatch.com/2022/09/28/exclusive-hindawi-and-wiley-to-retract-over-500-papers-linked-to-peer-review-rings/,Concerns/Issues with Peer Review;Investigation by Journal/Publisher;,No,
Travel Time Estimation by Learning Driving Habits and Traffic Conditions,(B/T) Data Science;(B/T) Transportation;(B/T) Urban Planning;,https://retractionwatch.com/2022/09/28/exclusive-hindawi-and-wiley-to-retract-over-500-papers-linked-to-peer-review-rings/;https://retractionwatch.com/2023/04/05/wiley-and-hindawi-to-retract-1200-more-papers-for-compromised-peer-review/,Concerns/Issues with Peer Review;Investigation by Journal/Publisher;Objections by Author(s);,No,
Effectiveness of VR Technology Based on Artificial Intelligence and Big Data in Overcoming Psychological Barriers in Taekwondo Practical Learning,(B/T) Data Science;(B/T) Technology;(SOC) Psychology;(SOC) Sports and Recreation;,https://retractionwatch.com/2022/09/28/exclusive-hindawi-and-wiley-to-retract-over-500-papers-linked-to-peer-review-rings/,Concerns/Issues with Peer Review;Investigation by Journal/Publisher;,No,
Attitude Monitoring Algorithm for Volleyball Sports Training Based on Machine Learning in the Context of Artificial Intelligence,(B/T) Data Science;(B/T) Technology;(HSC) Sports Science;(SOC) Sports and Recreation;,https://retractionwatch.com/2022/09/28/exclusive-hindawi-and-wiley-to-retract-over-500-papers-linked-to-peer-review-rings/,Concerns/Issues with Peer Review;Investigation by Journal/Publisher;,No,
Application of Internet of Things Artificial Intelligence and Knowledge Innovation System in Table Tennis Teaching and Training,(B/T) Data Science;(B/T) Technology;(SOC) Sports and Recreation;,https://retractionwatch.com/2022/09/28/exclusive-hindawi-and-wiley-to-retract-over-500-papers-linked-to-peer-review-rings/,Concerns/Issues with Peer Review;Investigation by Journal/Publisher;,No,
Feature Extraction and Identification of Calligraphy Style Based on Dual Channel Convolution Network,(B/T) Data Science;(HUM) Arts - General;,https://retractionwatch.com/2022/09/28/exclusive-hindawi-and-wiley-to-retract-over-500-papers-linked-to-peer-review-rings/,Concerns/Issues with Peer Review;Investigation by Journal/Publisher;,No,
Studying the Effects of Cold Plasma Phosphorus Using Physiological and Digital Image Processing Techniques,(B/T) Data Science;(HSC) Medicine - Cardiovascular;,https://retractionwatch.com/2022/09/28/exclusive-hindawi-and-wiley-to-retract-over-500-papers-linked-to-peer-review-rings/,Concerns/Issues with Peer Review;Investigation by Journal/Publisher;Objections by Author(s);,No,
The Construction and Development of App Application Platform for Public Information Products of Urban Grand Media in the Context of Artificial Intelligence,(B/T) Data Science;(B/T) Technology;(HSC) Public Health and Safety;,https://retractionwatch.com/2022/09/28/exclusive-hindawi-and-wiley-to-retract-over-500-papers-linked-to-peer-review-rings/,Concerns/Issues with Peer Review;Investigation by Journal/Publisher;,No,
Intelligent Diagnosis of Cervical Cancer Based on Data Mining Algorithm,(B/T) Data Science;(HSC) Medicine - Obstetrics/Gynecology;(HSC) Medicine - Oncology;,https://retractionwatch.com/2022/09/28/exclusive-hindawi-and-wiley-to-retract-over-500-papers-linked-to-peer-review-rings/,Concerns/Issues with Peer Review;Investigation by Journal/Publisher;,No,
Effective of Smart Mathematical Model by Machine Learning Classifier On Big Data in Healthcare Fast Response,(B/T) Data Science;(HSC) Medicine - General;,https://retractionwatch.com/2022/09/28/exclusive-hindawi-and-wiley-to-retract-over-500-papers-linked-to-peer-review-rings/,Concerns/Issues with Peer Review;Investigation by Journal/Publisher;Objections by Author(s);,No,
Value Analysis of Using Urinary Microalbumin in Artificial Intelligence Medical Institutions to Detect Early Renal Damage in Diabetes,(B/T) Data Science;(BLS) Biology - Molecular;(HSC) Medicine - Diabetes;(HSC) Medicine - Urology/Nephrology;,https://retractionwatch.com/2022/09/28/exclusive-hindawi-and-wiley-to-retract-over-500-papers-linked-to-peer-review-rings/;https://retractionwatch.com/2023/04/05/wiley-and-hindawi-to-retract-1200-more-papers-for-compromised-peer-review/,Concerns/Issues with Peer Review;Investigation by Journal/Publisher;,No,See also: https://pubpeer.com/publications/69A8C4FE0E58051192C7C135862674
Design and Application of BP Neural Network Optimization Method Based on SIWSPSO Algorithm,(B/T) Computer Science;(B/T) Data Science;,https://retractionwatch.com/2022/09/28/exclusive-hindawi-and-wiley-to-retract-over-500-papers-linked-to-peer-review-rings/,Concerns/Issues with Peer Review;Investigation by Journal/Publisher;,No,
Hybrid Algorithm for English Translation Speech Recognition Based on Deep Learning Model and Clustering,(B/T) Computer Science;(B/T) Data Science;,https://retractionwatch.com/2022/09/28/exclusive-hindawi-and-wiley-to-retract-over-500-papers-linked-to-peer-review-rings/,Concerns/Issues with Peer Review;Investigation by Journal/Publisher;,No,
The Architecture of College Psychological Teaching Management System Based on Data Mining Technology,(B/T) Data Science;(B/T) Technology;(SOC) Education;(SOC) Psychology;,https://retractionwatch.com/2022/09/28/exclusive-hindawi-and-wiley-to-retract-over-500-papers-linked-to-peer-review-rings/,Concerns/Issues with Peer Review;Investigation by Journal/Publisher;,No,
Complexity Graph-Based Multilabel Classification Method of Human Action in Rope Skipping Scene,(B/T) Data Science;(SOC) Sports and Recreation;,https://retractionwatch.com/2022/09/28/exclusive-hindawi-and-wiley-to-retract-over-500-papers-linked-to-peer-review-rings/,Concerns/Issues with Peer Review;Investigation by Journal/Publisher;,No,
An Improved Data Mining Model for Predicting the Impact of Economic Fluctuations,(B/T) Business - Economics;(B/T) Data Science;,https://retractionwatch.com/2022/09/28/exclusive-hindawi-and-wiley-to-retract-over-500-papers-linked-to-peer-review-rings/,Concerns/Issues with Peer Review;Investigation by Journal/Publisher;,No,
Intelligent Basketball Dribble Trajectory Monitoring Based on Data-Driven Technology,(B/T) Data Science;(B/T) Technology;(SOC) Sports and Recreation;,https://retractionwatch.com/2022/09/28/exclusive-hindawi-and-wiley-to-retract-over-500-papers-linked-to-peer-review-rings/,Concerns/Issues with Peer Review;Investigation by Journal/Publisher;,No,
Prevention Methods of Fitness and Bodybuilding Exercise Injury Based on Data Mining,(B/T) Data Science;(HSC) Medicine - Sports;(HSC) Sports Science;,https://retractionwatch.com/2022/09/28/exclusive-hindawi-and-wiley-to-retract-over-500-papers-linked-to-peer-review-rings/,Concerns/Issues with Peer Review;Investigation by Journal/Publisher;,No,
Traffic identification and traffic analysis based on support vector machine,(B/T) Computer Science;(B/T) Data Science;(B/T) Transportation;(B/T) Urban Planning;,,Error in Analyses;Error in Methods;Error in Results and/or Conclusions;,No,
Enhancing Health Risk Prediction with Deep Learning on Big Data and Revised Fusion Node Paradigm,(B/T) Data Science;(HSC) Public Health and Safety;,,Conflict of Interest;Copyright Claims;Lack of Approval from Company/Institution;,No,
Fresnelet approach for image encryption in the algebraic frame,(B/T) Computer Science;(B/T) Data Science;,,Duplication of/in Article;,No,
A novel method of feature extraction and fusion and its application in satellite images classification,(B/T) Data Science;,http://retractionwatch.com/2016/03/16/authorship-funding-misstatements-force-retraction-of-satellite-study/,Concerns/Issues About Authorship/Affiliation;Error in Text;Lack of Approval from Author;,No,
Generating Personalized Web Search Using Semantic Context,(B/T) Computer Science;(B/T) Data Science;,http://retractionwatch.com/2017/09/08/now-catch-conflict-interest-hindawi-journal-retracts-two-papers/,Concerns/Issues with Peer Review;Conflict of Interest;Investigation by Journal/Publisher;,No,
Occluded Face Recognition Based on Double Layers Module Sparsity Difference,(B/T) Computer Science;(B/T) Data Science;,,Error in Methods;Error in Results and/or Conclusions;,No,
An intelligent stochastic method based on fuzzy cloud theory for modeling uncertainty effects in the renewable micro-grids,(B/T) Computer Science;(B/T) Data Science;(PHY) Mathematics;,,Duplication of/in Article;Euphemisms for Duplication;Removed;,No,
Dynamic Generation and Editing System for Wrongly Written Chinese Characters Font,(B/T) Computer Science;(B/T) Data Science;(B/T) Technology;,,Duplication of/in Article;Euphemisms for Duplication;,No,
Implementation of Mobile U-health Service System Based on Personalized Computer Aided Diagnosis Probability,(B/T) Data Science;(B/T) Technology;,,Duplication of Text;,No,
Modeling the Interaction of Users and Mobile Payment System: Conceptual Framework,(B/T) Computer Science;(B/T) Data Science;(B/T) Technology;,,Duplication of Text;Euphemisms for Duplication;,No,
GNARE: A Grid-based Server for the Analysis of User Submitted Genomes,(B/T) Computer Science;(B/T) Data Science;(B/T) Technology;(BLS) Genetics;,,Breach of Policy by Author;,No,
Medical Dataset Classification: A Machine Learning Paradigm Integrating Particle Swarm Optimization with Extreme Learning Machine Classifier,(B/T) Computer Science;(B/T) Data Science;,http://retractionwatch.com/2016/05/04/journal-editor-uses-stolen-identity-in-latest-peer-review-scam/,Concerns/Issues with Peer Review;Investigation by Journal/Publisher;,No,
